site,wildtype,AAA,AAC,AAG,AAT,ACA,ACC,ACG,ACT,AGA,AGC,AGG,AGT,ATA,ATC,ATG,ATT,CAA,CAC,CAG,CAT,CCA,CCC,CCG,CCT,CGA,CGC,CGG,CGT,CTA,CTC,CTG,CTT,GAA,GAC,GAG,GAT,GCA,GCC,GCG,GCT,GGA,GGC,GGG,GGT,GTA,GTC,GTG,GTT,TAA,TAC,TAG,TAT,TCA,TCC,TCG,TCT,TGA,TGC,TGG,TGT,TTA,TTC,TTG,TTT
-9,ATG,0,0,0,0,0,0,0,0,0,0,14,0,3,0,148941,1,0,0,0,0,0,0,0,0,0,0,0,0,0,0,1,0,0,0,0,0,0,0,0,0,0,0,0,0,0,0,5,0,0,0,0,0,0,0,0,0,0,0,0,0,0,0,1,0
-8,AAG,17,2,148198,11,0,0,24,0,0,0,12,0,0,0,302,23,0,3,31,0,0,0,0,0,0,0,0,0,0,104,100,0,0,0,20,0,0,0,0,0,0,0,0,0,0,0,0,0,0,29,0,0,18,0,0,0,0,0,0,12,11,0,0,0
-7,GCA,0,0,0,0,28,0,0,0,0,0,0,0,0,0,0,0,0,0,0,0,0,0,0,0,0,0,0,0,0,0,0,0,3,0,0,0,148819,1,8,60,0,0,0,0,11,0,0,0,0,0,0,0,2,0,0,0,0,0,0,0,0,0,0,0
-6,AAA,148794,1,1,0,18,3,0,12,3,0,52,0,0,0,0,0,0,0,0,0,0,0,0,0,0,0,2,0,0,0,0,0,24,0,0,0,0,24,0,1,0,0,0,14,0,0,0,0,1,0,0,0,0,0,0,0,0,0,0,1,0,0,1,0
-5,CTA,0,0,0,0,0,0,0,0,0,0,0,0,3,0,0,0,1,0,0,0,4,0,0,0,0,0,0,0,148882,0,9,60,0,0,0,0,0,0,0,0,0,0,0,0,0,0,0,0,0,0,0,0,0,0,0,0,0,0,0,0,1,0,0,0
-4,CTG,0,0,0,0,0,0,0,0,0,0,0,0,0,0,3,0,0,0,30,0,0,0,8,0,0,0,0,0,3,0,148938,3,0,0,0,0,0,0,0,0,0,0,0,0,0,0,1,0,0,0,0,0,0,0,0,0,0,0,0,0,0,0,11,0
-3,GTC,0,0,0,0,0,0,0,0,0,0,0,0,0,2,0,0,0,0,0,0,0,0,0,0,0,0,0,0,0,0,0,0,0,1,0,0,0,7,0,0,0,0,0,0,2,148880,0,12,0,0,0,0,0,1,0,0,0,0,0,0,0,0,29,0
-2,CTG,0,0,0,0,0,0,0,0,0,0,0,0,0,0,4,0,0,0,1,0,0,0,34,0,0,0,1,0,19,3,148860,3,0,0,0,0,0,0,0,0,0,0,0,0,0,0,0,0,0,0,0,0,0,0,0,0,0,0,0,0,0,0,13,0
-1,TTA,0,0,0,0,0,0,0,0,0,0,7,0,0,0,0,0,0,0,0,0,0,0,0,0,0,0,0,0,24,0,0,0,0,0,0,0,0,0,0,0,0,0,0,0,1,27,0,0,0,0,0,0,18,0,0,0,0,0,0,0,148744,1,119,3
1,TAT,0,0,0,1,0,0,0,0,0,0,0,0,18,0,0,0,0,0,0,61,0,0,0,0,0,0,0,0,0,0,0,0,0,0,0,0,0,0,0,0,0,0,0,0,0,0,0,0,3,44,2,148740,0,0,0,0,0,0,0,61,0,0,29,0
2,GCA,0,0,0,0,80,0,0,0,0,0,0,0,0,0,0,0,4,0,0,0,0,0,0,0,0,0,22,0,0,0,0,0,2,0,0,0,148323,76,101,1,0,0,0,0,39,0,176,0,0,0,0,0,4,0,0,0,0,0,0,0,0,28,0,100
3,TTT,0,0,0,0,0,0,0,0,0,0,0,0,0,0,0,0,0,0,0,0,0,0,0,0,0,0,0,0,0,0,0,9,0,0,0,0,0,0,0,0,0,0,0,0,0,0,0,1,0,0,0,0,0,0,0,18,0,0,0,0,0,11,1,148915
4,GTA,0,0,0,0,0,0,0,0,0,0,0,0,4,0,0,0,0,0,0,0,0,0,0,0,0,0,0,0,0,0,0,0,0,0,0,0,8,0,0,0,0,0,0,0,148930,1,28,1,0,0,0,0,0,0,0,0,0,0,0,0,5,0,0,0
5,GCT,0,0,0,0,0,0,0,4,0,0,0,0,0,0,0,0,0,0,0,0,0,0,0,1,0,0,0,0,0,0,0,0,0,0,0,8,6,11,0,148924,0,0,0,0,0,0,0,4,0,0,0,0,0,0,0,3,0,0,0,0,0,0,0,0
6,ACA,5,0,0,0,148846,33,57,5,0,0,0,0,10,0,0,0,0,0,0,0,0,0,0,0,0,0,0,0,0,0,0,0,0,0,0,0,4,0,0,0,0,0,0,0,0,0,0,0,0,0,0,0,0,0,0,0,0,0,0,0,0,0,0,0
7,GAT,0,0,0,2,0,0,0,0,0,0,0,0,0,0,0,0,0,0,0,1,0,0,0,0,0,0,0,0,0,0,0,0,0,3,0,148957,0,0,0,1,0,0,0,6,0,0,0,0,0,0,0,5,0,0,0,0,0,0,0,0,0,0,0,0
10,GCA,0,0,0,0,27,0,0,0,0,0,0,0,0,0,0,0,0,0,0,0,0,0,0,0,0,0,0,0,0,0,0,0,2,0,0,0,148780,0,47,5,1,0,0,0,26,0,0,0,0,0,0,0,1,0,0,0,0,0,0,0,0,0,0,0
11,GAC,0,6,0,0,0,0,0,0,0,0,0,0,0,0,0,0,0,0,0,0,0,0,0,0,0,0,0,0,0,0,0,0,4,148855,5,2,0,0,0,0,0,5,0,0,0,0,0,0,0,1,0,0,0,0,0,0,0,0,0,0,0,0,0,0
12,ACA,0,0,3,0,148701,1,114,1,0,0,23,0,2,0,0,0,38,0,0,0,0,0,0,0,1,0,0,0,0,0,0,0,0,0,0,0,5,0,0,0,0,0,0,0,0,0,0,0,0,0,0,0,0,0,0,0,0,0,0,0,41,0,0,0
13,ATA,5,0,0,0,7,0,0,0,0,0,0,0,148934,1,11,1,0,0,0,0,0,0,0,0,0,0,0,0,0,0,0,0,0,0,0,0,0,0,0,0,0,0,0,0,5,0,0,0,0,0,0,0,0,0,0,0,0,0,0,0,6,0,0,0
14,TGT,0,0,0,0,0,0,0,0,0,0,0,0,0,0,0,0,0,0,0,0,0,0,0,0,0,0,0,10,0,0,0,0,0,0,0,0,0,0,0,0,0,0,0,0,0,0,0,0,44,0,0,9,0,0,0,0,0,45,1,148808,0,0,0,3
15,ATA,0,0,0,0,6,0,0,0,1,0,0,0,148887,0,28,2,0,0,0,0,0,0,0,0,0,0,0,0,0,0,0,0,0,0,0,0,0,0,0,0,0,0,0,0,5,0,0,0,0,0,0,0,0,0,0,0,0,0,0,0,0,0,0,0
16,GGC,0,0,0,0,0,0,0,0,0,3,0,0,0,0,0,0,0,0,0,0,0,0,0,0,0,0,0,0,0,0,0,0,0,7,0,0,0,1,0,0,30,148896,0,8,0,3,0,0,0,0,0,0,0,0,0,0,0,7,0,0,0,0,0,0
17,TAC,0,2,0,0,0,0,0,0,0,0,0,0,0,0,0,0,0,5,0,0,0,0,0,0,0,0,0,0,0,0,0,0,0,0,0,0,0,0,0,0,0,0,0,0,0,0,0,0,3,148932,1,13,0,0,0,0,0,16,0,0,0,2,0,0
18,CAT,0,0,0,1,0,0,0,0,0,0,0,0,0,0,0,0,0,3,0,148932,0,0,0,1,0,0,0,14,0,0,0,0,0,0,0,0,0,0,0,0,0,0,0,0,0,0,0,0,0,0,0,6,0,0,0,0,0,0,0,0,0,0,0,0
19,GCG,0,0,0,0,0,0,12,0,0,0,0,0,0,0,0,0,0,0,0,0,0,0,0,0,0,0,0,0,0,0,0,0,0,0,12,0,13,1,148913,4,0,0,2,0,0,0,18,0,0,0,0,0,0,0,3,0,0,0,0,0,0,0,0,0
20,AAC,8,148935,1,3,0,0,0,0,0,3,0,0,0,0,0,0,0,0,0,0,0,0,0,0,0,0,0,0,0,0,0,0,0,4,0,0,0,0,0,0,0,0,0,0,0,0,0,0,0,0,0,0,0,0,0,0,0,0,0,0,0,0,0,0
21,AAC,5,148931,0,4,0,0,0,0,0,4,0,0,0,0,0,0,0,0,0,0,0,0,0,0,0,0,0,0,0,0,0,0,0,12,0,0,0,0,0,0,0,0,0,0,0,0,0,0,0,0,0,0,0,0,0,0,0,0,0,0,0,0,0,0
22,TCA,0,0,0,0,1,0,0,0,0,0,0,0,0,0,0,0,0,0,0,0,9,0,0,0,0,0,0,0,0,0,0,0,0,0,0,0,0,0,49,0,0,0,0,0,0,0,0,0,5,0,0,0,148885,0,16,1,0,0,0,0,4,0,0,0
23,ACC,0,1,0,0,9,148924,1,27,0,0,0,0,0,8,0,0,0,0,0,0,0,0,0,0,0,0,0,0,0,0,0,0,0,0,0,0,0,2,0,0,0,0,0,0,0,0,0,0,0,0,0,0,0,0,0,0,0,0,0,0,0,0,0,0
24,GAC,0,137,0,0,0,0,0,0,0,0,0,0,0,0,0,0,0,0,0,0,0,0,0,0,0,0,0,0,0,0,0,0,6,148765,0,5,0,1,0,0,0,6,0,0,0,0,0,0,0,1,0,0,0,0,0,0,0,0,0,0,0,0,0,0
25,ACT,0,0,0,2,1,8,42,148884,0,0,0,0,0,0,0,5,0,0,1,0,0,0,0,0,0,0,0,0,0,0,0,0,0,0,0,0,0,0,0,8,0,0,0,0,0,0,0,0,0,0,0,0,0,0,0,0,0,0,0,0,0,0,0,0
26,GTT,0,0,0,0,0,0,0,0,0,0,0,0,0,0,0,16,0,0,0,0,0,0,0,0,0,0,0,0,0,0,0,0,0,0,0,0,0,0,0,7,0,0,0,1,0,14,4,148894,0,0,0,0,0,0,0,0,0,0,0,0,0,0,0,0
27,GAC,0,4,0,0,0,0,0,0,0,0,0,0,0,0,0,0,0,0,0,0,0,0,0,0,0,0,0,0,0,0,0,0,5,148862,2,14,0,2,0,0,0,6,0,0,0,0,0,0,0,9,0,0,0,0,0,0,0,0,0,0,0,0,0,0
28,ACA,26,0,0,0,148887,1,15,0,0,0,0,0,7,0,0,0,0,0,0,0,0,0,0,0,0,0,0,0,0,0,0,0,0,0,0,0,5,0,0,0,0,0,0,0,0,0,0,0,0,0,0,0,0,0,0,0,0,0,0,0,0,0,0,0
29,ATA,0,0,0,0,7,0,0,0,1,0,0,0,148951,0,13,0,0,0,0,0,0,0,0,0,0,0,0,0,1,0,0,0,0,0,0,0,0,0,0,0,0,0,0,0,1,0,0,0,0,0,0,0,0,0,0,0,0,0,0,0,0,0,0,0
30,CTC,0,0,0,0,0,103,0,0,0,91,31,0,0,4,0,0,0,0,20,0,0,10,0,0,0,40,0,0,1,148559,0,17,0,0,0,0,0,0,0,0,0,0,0,0,0,0,0,0,0,77,0,0,0,0,0,0,0,0,0,0,0,5,1,0
31,GAG,0,0,9,0,0,0,0,0,0,0,0,0,0,0,0,0,0,0,0,0,0,0,0,0,0,0,0,0,0,0,0,0,16,0,148858,1,0,0,0,0,0,0,8,0,0,0,0,0,0,0,4,0,0,0,0,0,0,0,0,0,0,0,0,0
32,AAG,6,0,148902,4,0,0,0,0,0,0,4,0,0,0,1,0,0,0,1,0,0,0,0,0,0,0,0,0,0,0,0,0,0,0,6,0,0,0,0,0,0,0,0,0,0,0,0,0,0,0,0,0,0,0,0,0,0,0,0,0,0,0,0,0
33,AAT,1,4,4,148872,0,0,0,1,0,0,0,2,0,0,0,0,0,0,0,0,0,0,0,0,0,0,0,0,0,0,0,0,0,0,1,7,0,0,0,0,0,0,0,0,0,0,0,0,0,0,0,0,0,0,0,0,0,0,0,0,0,0,0,0
34,GTG,0,0,0,0,0,0,0,0,0,0,0,0,0,0,21,0,0,0,0,0,0,0,0,0,0,0,0,0,0,0,2,0,0,0,1,0,0,0,6,0,0,0,3,0,1,0,148852,2,0,0,0,0,0,0,0,0,0,0,0,0,0,0,0,0
35,GCA,0,0,0,0,17,0,0,0,0,0,0,0,0,0,0,0,0,0,0,0,1,0,0,0,0,0,0,0,0,0,0,0,3,0,0,0,148753,1,13,1,0,0,0,0,82,0,0,0,0,0,0,0,3,0,0,0,0,0,0,0,0,0,0,0
36,GTG,0,0,0,0,0,0,0,0,0,0,0,0,0,0,8,0,0,0,0,0,0,0,0,0,0,0,0,0,0,0,0,0,0,0,0,0,0,0,8,0,0,0,0,0,6,0,148787,2,0,0,0,0,0,0,0,0,0,0,0,0,0,0,2,0
37,ACA,0,0,0,0,148778,0,8,0,0,0,0,0,7,0,0,0,0,0,0,0,0,0,0,0,0,0,0,0,0,0,0,0,0,0,0,0,13,0,0,0,0,0,0,0,0,0,0,0,0,0,0,0,0,0,0,0,0,0,0,0,0,0,0,0
38,CAT,0,0,0,2,0,0,0,0,0,0,0,0,0,0,0,0,1,4,1,148934,0,0,0,1,0,0,0,2,0,0,0,0,0,0,0,0,0,0,0,0,0,0,0,0,0,0,0,0,0,0,0,2,0,0,0,0,0,0,0,0,0,0,0,0
39,TCT,0,0,0,0,0,0,0,1,0,0,0,0,0,0,0,0,0,0,0,0,0,0,0,8,0,0,0,0,0,0,0,0,0,0,0,0,0,0,0,0,0,0,0,0,0,0,0,0,0,0,0,4,0,15,0,148866,0,0,0,0,0,0,0,3
40,GTT,0,0,0,0,0,0,0,0,0,0,8,0,0,0,0,12,0,0,0,0,0,0,0,0,0,0,0,0,0,23,0,0,0,0,0,0,0,0,0,3,0,0,0,2,2,15,0,148871,0,0,0,0,0,0,0,0,0,0,0,0,0,0,0,3
41,AAC,1,148867,1,17,0,1,0,0,0,4,0,0,0,0,0,0,0,0,0,0,0,0,0,0,0,0,0,0,0,0,0,0,0,5,0,0,0,0,0,0,0,0,0,0,0,0,0,0,0,0,0,0,0,0,0,0,0,0,0,0,0,0,0,0
42,CTG,0,0,0,0,0,0,0,0,0,0,0,0,0,0,1,0,0,0,1,0,0,0,12,0,0,0,0,0,37,0,148746,1,0,0,0,0,0,0,0,0,0,0,0,0,0,0,0,0,0,0,0,0,0,0,0,0,0,0,0,0,0,0,1,0
43,CTC,0,0,0,0,0,0,0,0,0,0,0,0,0,7,0,0,0,0,0,0,0,10,0,0,0,0,0,0,3,148812,1,8,0,0,0,0,0,0,0,0,0,0,0,0,0,1,0,0,0,0,0,0,0,0,0,0,0,0,0,0,0,3,0,0
44,GAA,11,0,0,0,0,4,0,0,0,0,0,0,0,0,0,0,0,0,0,0,0,0,0,0,0,0,0,0,0,0,0,0,148908,3,8,2,0,0,0,0,9,0,0,0,1,0,0,0,1,0,0,0,0,0,0,0,0,0,0,6,0,0,0,0
45,GAC,0,93,0,0,0,0,0,0,0,0,0,0,0,0,0,0,0,1,0,0,0,0,0,0,0,0,0,0,0,0,0,0,7,148821,31,16,0,0,0,0,0,10,0,0,0,1,0,0,0,3,0,0,0,0,0,0,0,0,0,0,0,0,0,0
46,AGC,0,106,0,0,0,0,0,0,1,148558,3,97,0,3,76,0,0,36,0,0,0,0,0,0,0,3,0,0,0,0,0,0,0,0,0,0,0,0,0,0,0,35,0,0,0,0,0,0,0,0,0,47,0,0,1,0,0,1,0,0,0,0,0,0
47,CAC,0,5,0,0,0,0,0,0,0,0,0,0,0,0,0,0,1,148973,0,5,0,0,0,0,0,2,0,0,0,0,0,0,0,1,0,0,0,0,0,0,0,0,0,0,0,0,0,0,0,2,0,0,0,0,0,0,0,0,0,0,0,0,0,0
48,AAC,10,148920,0,20,0,0,0,0,0,10,0,0,0,0,0,0,0,0,0,0,0,0,0,0,0,0,0,0,0,0,0,0,0,20,0,0,0,0,0,0,0,0,0,0,0,0,0,0,0,1,0,0,0,0,0,0,0,0,0,0,0,0,0,0
49,GGG,0,0,0,0,0,0,0,0,0,0,14,0,0,0,0,0,0,0,0,0,0,0,0,0,0,0,5,0,0,0,0,0,0,0,8,0,0,0,0,0,11,1,148824,1,0,0,1,0,0,0,0,0,0,0,0,0,0,0,7,0,0,0,0,0
50,AAA,148789,4,3,0,21,0,0,0,2,0,0,0,0,0,0,0,0,16,0,21,0,0,0,0,0,0,0,0,0,0,0,0,7,0,0,0,0,0,0,0,0,0,0,0,2,0,0,0,0,0,0,0,0,0,0,0,0,0,0,0,0,0,0,0
51,CTA,0,0,0,0,0,0,0,0,0,0,0,0,4,0,0,0,1,0,0,0,13,0,0,0,0,0,0,0,148797,38,7,1,0,0,0,0,0,0,0,0,0,0,0,0,0,0,0,0,0,0,0,2,0,0,0,0,0,0,0,0,16,0,0,0
52,TGT,0,0,0,0,0,0,0,0,0,0,0,1,0,0,0,0,0,0,0,0,0,0,0,0,0,0,0,6,0,0,0,0,0,0,0,0,0,0,0,1,0,0,0,1,1,0,0,0,0,0,0,31,0,0,0,0,0,77,1,148756,0,0,0,2
53,AAA,148609,0,66,40,0,0,0,1,3,7,2,0,0,0,0,0,46,0,0,0,0,0,0,0,0,42,0,26,0,0,0,0,55,0,0,0,0,0,0,0,0,0,0,0,0,0,0,0,0,0,0,0,0,0,0,0,0,0,0,0,0,0,1,3
54,TTA,0,0,0,0,0,0,0,0,0,0,0,0,0,6,0,0,0,0,0,0,0,0,0,0,0,0,0,0,1,4,0,32,0,0,0,0,0,0,0,0,0,0,0,0,1,0,0,0,0,0,0,0,5,0,0,0,0,0,0,0,148810,0,19,0
55,AAA,148394,9,258,21,2,0,0,0,13,0,0,0,0,0,0,0,1,5,0,0,0,0,0,0,0,0,0,0,0,0,0,0,3,0,0,0,0,0,0,0,0,0,0,0,0,0,0,0,0,0,0,0,0,0,0,0,0,0,0,0,0,0,0,0
56,GGA,0,0,0,0,0,0,0,0,7,0,0,0,0,0,0,0,0,0,0,0,0,0,0,0,1,0,0,0,0,0,0,0,3,0,0,0,0,0,0,0,148876,0,11,0,1,0,0,0,0,0,0,0,0,0,0,0,3,0,0,0,0,0,0,0
56A,ATA,1,0,0,0,4,0,0,0,0,0,0,0,148700,1,72,0,0,0,0,0,0,0,0,0,0,0,0,0,1,0,0,0,0,0,0,0,89,0,0,0,0,0,0,0,2,0,0,0,0,0,0,0,0,0,0,0,0,0,0,0,14,0,0,0
57,GCC,0,0,0,0,0,5,0,0,0,0,0,0,0,0,0,0,0,0,21,0,51,5,0,0,0,0,0,0,0,0,0,0,94,2,0,0,1,148647,0,2,0,0,0,0,0,24,0,0,0,0,0,0,0,0,0,0,0,0,0,0,0,0,0,0
58,CCA,0,0,0,0,3,0,0,0,0,0,0,0,0,0,0,0,2,0,0,0,148932,0,5,1,0,0,0,0,3,0,0,0,0,0,0,0,0,0,0,0,0,0,0,0,0,0,0,0,0,0,0,0,3,0,0,0,0,0,0,0,0,0,0,0
59,CTA,0,0,0,0,0,0,0,0,0,0,0,0,56,0,1,0,2,0,0,0,23,0,0,0,2,0,0,0,148834,1,5,0,0,0,0,0,0,0,0,0,0,0,0,0,0,0,0,0,0,0,0,0,0,0,0,0,0,0,0,0,2,0,0,0
60,CAA,4,1,0,0,17,0,9,0,0,0,0,53,0,0,0,0,148658,4,5,0,0,0,0,0,3,0,0,0,0,0,46,0,0,0,0,0,0,0,0,0,0,1,0,0,64,0,0,0,4,0,0,0,0,0,0,0,0,0,0,0,39,0,0,0
61,TTG,0,0,0,0,0,0,0,0,0,0,0,0,0,0,0,0,0,0,0,0,0,0,0,0,0,0,0,0,0,0,1,0,0,0,0,0,0,0,0,0,0,0,0,0,0,0,0,0,0,0,0,0,0,0,12,0,0,0,2,0,4,1,148892,0
62,GGG,0,0,0,26,0,0,0,0,0,0,4,0,0,0,0,0,0,0,1,0,0,0,0,0,0,0,0,0,0,0,0,0,0,0,13,0,0,0,0,0,5,0,148886,5,0,0,4,0,0,0,0,0,0,0,0,0,0,0,3,0,0,0,0,0
63,AAA,148914,1,2,2,0,0,0,0,3,0,0,0,0,0,0,0,0,15,0,0,1,0,0,0,0,0,0,0,0,0,0,0,17,0,0,0,0,0,0,0,0,0,0,0,0,0,0,0,0,0,0,0,0,0,0,0,0,0,0,0,0,0,0,0
64,TGT,0,0,0,0,0,0,0,0,0,0,0,1,0,0,0,0,0,0,0,0,0,0,0,0,0,0,0,8,0,0,0,0,0,0,0,0,0,0,0,0,0,0,0,0,0,0,0,0,0,0,0,8,0,0,0,0,0,6,0,148898,0,0,0,3
65,AAC,2,148815,0,9,0,0,0,0,0,43,0,0,0,0,0,0,0,0,0,0,0,0,0,0,0,0,0,0,0,0,0,0,0,42,0,0,0,0,0,0,0,0,0,0,0,0,0,0,0,0,0,0,0,0,0,0,0,0,0,0,0,0,0,0
66,ATC,0,0,0,0,0,5,0,0,0,1,0,0,3,148709,1,4,0,0,0,0,0,0,0,0,0,0,0,0,0,2,0,0,0,0,0,0,0,0,0,0,0,0,0,0,0,34,0,0,0,0,0,0,0,0,0,0,0,0,0,0,0,0,0,0
67,ACC,0,1,0,0,58,148570,2,74,0,1,0,0,0,3,0,0,0,0,0,39,0,0,0,0,0,0,0,0,0,0,18,0,0,0,0,0,0,15,0,0,0,0,0,0,0,0,0,0,0,0,0,0,0,0,0,0,0,0,0,0,0,0,0,0
68,GGA,0,0,0,0,0,0,0,0,12,0,0,0,0,0,0,0,0,0,0,0,0,0,0,0,0,0,0,0,0,0,0,0,10,0,0,0,1,0,0,0,148784,1,8,0,2,0,0,0,0,0,0,0,0,0,0,0,4,0,0,0,0,0,0,0
69,TGG,0,0,0,0,0,0,0,0,0,0,0,0,0,0,0,0,0,0,0,0,0,0,0,0,0,0,2,0,0,0,0,0,0,0,0,0,0,0,0,0,0,0,7,0,0,0,0,0,0,0,3,0,0,0,0,0,39,0,148876,4,0,0,1,0
70,CTC,0,0,0,0,0,0,0,0,0,0,0,0,0,3,0,0,0,0,0,0,0,9,0,0,0,1,0,0,2,148908,0,1,0,0,0,0,0,0,0,0,0,0,0,0,0,0,0,0,0,0,0,0,0,0,0,0,0,0,0,0,0,4,0,0
71,TTG,0,0,0,0,0,0,0,0,0,0,0,0,0,0,0,0,0,0,0,0,0,0,0,0,0,0,0,0,0,0,23,0,0,0,0,0,0,0,0,0,0,0,0,0,0,0,2,0,0,0,0,0,0,0,21,0,0,0,1,0,1,0,148884,6
72,GGA,0,0,0,0,0,0,0,0,4,0,0,0,0,0,0,0,0,0,0,0,0,0,0,0,0,0,0,0,0,0,0,0,5,0,0,0,5,0,0,0,148885,0,21,1,3,0,0,0,0,0,0,0,0,0,0,0,4,0,0,0,0,0,0,0
73,AAT,0,8,0,148905,0,0,0,1,0,0,0,6,0,0,0,2,0,0,0,3,0,0,0,0,0,0,0,0,0,0,0,0,0,0,0,2,0,0,0,0,0,0,0,0,0,0,0,0,0,0,0,0,0,0,0,0,0,0,0,0,0,0,0,0
74,CCA,0,0,0,0,5,0,0,0,0,0,0,0,0,0,0,0,1,0,0,0,148886,2,46,0,2,0,0,0,1,0,0,0,0,0,0,0,0,0,0,0,0,0,0,0,0,0,0,0,0,0,0,0,2,0,0,0,0,0,0,0,0,0,0,0
75,GAA,74,0,0,0,0,0,0,0,0,0,0,0,0,0,0,0,0,0,0,0,0,0,0,0,0,0,0,0,0,0,0,0,148862,1,3,1,0,0,0,0,18,0,0,0,0,0,0,0,11,0,0,0,0,0,0,0,0,0,0,0,0,0,0,0
76,TGC,0,0,0,0,0,0,0,0,0,0,0,0,0,0,0,0,0,0,0,0,0,0,0,0,0,3,0,0,0,0,0,0,0,0,0,0,0,0,0,0,0,4,0,0,0,0,0,0,0,4,0,0,0,0,0,0,0,148772,1,163,0,1,0,0
77,GAC,0,62,0,0,0,0,0,0,0,0,0,0,0,0,0,0,0,1,0,0,0,0,0,0,0,0,0,0,0,0,0,0,3,148801,1,3,0,1,0,0,1,12,0,0,0,0,0,0,0,2,0,0,0,0,0,0,0,0,0,0,0,0,0,0
78,TCA,0,0,0,0,1,0,0,0,0,0,0,0,0,0,0,0,0,0,7,25,4,0,0,0,0,0,0,0,0,0,0,0,0,110,0,0,1,5,0,0,0,0,0,0,0,0,0,0,4,0,0,0,148687,2,4,52,1,0,0,0,6,0,1,0
78A,CTG,0,0,0,0,0,0,0,0,0,0,0,0,0,0,4,0,0,0,0,0,0,0,16,0,0,0,0,0,41,0,148846,2,0,0,0,0,0,0,0,0,0,0,0,0,0,0,0,0,0,0,0,0,0,0,0,0,0,0,0,0,36,0,12,0
79,CTT,0,0,0,0,0,0,0,0,0,0,0,0,0,0,0,5,0,0,0,3,0,0,0,2,0,0,0,0,2,36,2,148830,0,0,0,0,0,0,0,0,0,0,0,0,0,0,0,0,0,0,0,0,0,0,0,0,0,0,0,0,0,0,0,61
80,CCA,0,0,0,0,1,29,0,0,0,11,0,0,0,3,0,0,2,0,23,14,148631,0,67,0,1,0,0,0,8,0,9,0,0,0,0,0,38,0,0,6,0,0,0,0,1,13,0,21,0,0,0,42,4,2,0,0,0,0,0,0,0,0,0,6
81,GCG,0,0,0,0,0,52,1,0,0,0,0,39,0,0,0,0,0,48,0,0,0,0,0,1,0,0,0,0,0,0,0,0,0,0,3,17,20,101,148346,3,0,0,1,0,0,0,168,0,0,0,0,0,0,0,4,0,0,0,0,0,0,43,65,0
82,AGA,0,0,0,36,0,0,94,0,148662,53,7,0,12,0,0,0,0,7,0,0,0,0,0,0,0,0,0,0,34,0,0,0,3,0,0,0,0,0,0,0,5,0,0,0,0,0,0,0,0,0,0,0,0,1,0,0,4,0,0,0,0,0,0,0
83,TCA,0,0,0,0,1,0,0,0,0,0,0,0,0,0,0,0,0,0,0,0,7,0,1,0,0,0,0,0,0,0,0,0,0,2,0,0,0,0,0,0,0,0,0,0,0,0,0,0,5,0,0,0,148636,1,266,0,0,0,0,0,4,0,0,0
84,TGG,0,0,0,0,0,0,0,0,0,0,24,0,0,0,0,0,0,0,0,0,0,0,0,0,0,0,10,0,0,0,0,0,0,0,0,0,0,0,0,0,0,0,0,0,0,0,0,0,0,0,6,0,0,0,0,0,6,0,148907,2,0,0,8,0
85,TCC,0,0,0,0,0,1,0,0,0,0,0,0,0,0,0,0,0,0,0,0,0,8,0,0,0,0,0,0,0,0,0,0,0,0,0,1,0,0,0,0,59,0,0,21,0,0,0,0,0,6,0,0,9,148715,1,92,0,0,0,0,0,4,0,0
86,TAC,0,1,0,0,0,0,0,0,0,0,0,0,0,0,0,0,0,29,0,0,0,0,0,0,0,0,0,0,0,0,0,0,0,0,0,0,0,0,0,0,0,0,0,0,0,0,0,0,3,148865,1,3,0,0,0,0,0,11,0,0,0,0,0,0
87,ATT,0,0,0,0,0,0,0,1,0,0,0,0,0,4,0,152525,0,0,0,0,0,0,0,0,0,0,0,0,0,0,0,0,0,0,0,0,0,0,0,0,0,0,0,0,0,0,0,1,0,0,0,0,0,0,0,0,0,0,0,0,0,0,0,1
88,GTA,0,0,0,0,0,0,0,0,0,0,0,0,5,0,0,1,0,0,0,0,0,0,0,0,0,0,0,0,0,0,0,0,0,0,0,0,11,0,0,0,0,0,0,0,152467,1,14,1,0,0,0,0,0,0,0,0,0,0,0,0,12,0,0,0
89,GAA,4,0,0,0,0,0,0,0,0,0,0,0,0,0,0,0,0,0,0,0,0,0,0,0,0,0,0,0,0,0,0,0,152518,3,7,0,0,0,0,0,6,0,0,0,0,0,0,0,1,0,0,0,0,0,0,0,0,0,0,0,0,0,0,0
90,ACA,6,0,0,0,152348,1,3,0,0,0,0,0,7,0,0,0,0,0,0,0,3,0,0,0,0,0,0,0,54,0,0,0,0,0,0,0,19,0,0,0,0,0,54,0,0,0,0,0,0,0,0,0,1,0,0,0,0,0,0,0,0,0,0,0
91,CCA,0,0,0,0,5,0,0,0,0,0,0,0,0,0,6,0,2,0,0,0,152426,0,13,0,0,0,0,0,2,0,0,0,0,0,36,0,0,0,0,0,0,0,0,0,0,0,0,0,0,0,0,0,1,0,0,0,0,0,12,0,0,0,0,0
92,AAC,1,152432,0,2,0,8,0,0,22,10,0,0,0,0,0,0,0,2,22,0,0,0,0,0,0,0,0,0,0,0,0,0,0,6,0,0,0,0,0,0,0,0,0,1,0,0,0,0,0,0,0,0,0,0,0,0,0,0,0,0,0,0,0,0
93,TCT,0,12,0,3,0,0,1,0,0,0,0,0,0,0,0,0,0,0,0,0,0,0,0,5,0,0,0,0,0,0,0,0,0,0,0,0,0,0,0,1,0,0,0,0,0,0,0,0,0,0,0,4,0,43,1,152455,0,0,0,1,0,0,0,5
93A,GAG,0,0,2,0,0,0,0,0,0,0,0,0,0,0,0,0,0,0,1,0,0,0,0,0,0,0,0,0,0,0,0,0,2,0,152475,3,0,0,2,0,0,0,39,0,1,1,1,0,0,0,5,0,0,0,10,0,0,0,0,0,0,0,0,0
94,AAT,3,8,0,152282,0,1,0,0,26,0,0,34,58,0,0,0,0,10,0,0,0,0,0,0,0,0,0,0,0,0,0,0,0,0,0,2,0,0,0,0,0,0,0,0,1,0,0,0,0,0,0,47,10,0,0,0,0,0,0,0,0,0,0,0
95,GGA,0,0,0,0,0,2,0,0,7,0,0,0,0,0,0,0,0,0,0,0,0,0,0,0,0,0,0,0,0,0,0,0,1,0,0,0,0,0,0,0,152418,0,36,16,0,0,0,0,0,0,0,0,0,0,0,0,4,0,0,0,0,0,0,0
96,GCA,0,0,0,0,8,0,0,0,0,0,0,0,0,0,0,0,0,0,0,0,1,0,0,0,0,0,0,0,0,0,0,0,3,0,0,0,152361,0,22,0,1,0,0,0,21,0,0,0,0,0,0,0,2,0,0,0,0,0,0,0,0,0,0,0
97,TGT,0,0,0,0,0,0,0,0,0,0,0,0,0,0,0,0,0,0,0,0,0,0,0,0,0,0,0,0,0,0,0,0,0,0,0,0,0,0,0,0,0,0,0,1,0,0,0,0,0,0,0,8,0,0,0,0,2,5,0,152512,0,0,0,6
98,TAT,0,0,0,0,0,0,0,0,0,0,0,0,0,0,0,1,0,0,0,9,0,0,0,0,0,0,0,0,0,0,0,0,0,0,0,0,0,0,0,0,0,0,0,0,0,0,0,0,0,21,0,152452,0,0,0,7,0,0,0,2,0,0,0,0
99,CCA,0,0,0,0,2,0,0,0,0,0,0,0,0,0,0,0,3,0,0,0,152415,1,41,1,0,0,0,0,2,0,0,0,0,0,0,0,1,0,0,0,0,0,0,0,0,0,0,0,0,0,0,0,3,0,0,0,0,0,0,0,0,0,0,0
100,GGA,0,0,0,0,0,0,0,0,6,0,0,0,0,0,0,0,0,0,0,0,0,0,0,0,0,0,0,0,0,0,0,0,1,0,0,0,0,0,0,0,152474,0,46,0,3,0,0,0,0,0,0,0,0,0,0,0,9,0,0,0,0,0,0,0
101,GAT,0,0,0,66,0,0,0,0,0,0,0,0,0,0,0,0,0,0,0,1,0,0,0,0,0,0,0,0,0,0,0,0,1,18,0,152391,0,0,0,0,0,0,0,38,0,0,0,1,0,0,0,4,0,0,0,0,0,0,0,0,0,0,0,0
102,CTC,0,0,0,0,0,0,0,0,0,0,0,0,12,4,0,0,0,0,0,0,0,14,0,0,0,0,0,0,6,152459,0,3,0,0,0,0,0,0,0,0,0,0,0,0,0,0,12,0,0,0,0,0,0,0,0,0,0,0,0,0,0,1,0,0
103,ATC,0,1,0,0,0,3,0,0,0,0,0,0,5,152409,1,20,0,0,0,0,0,0,0,0,0,0,0,0,0,2,0,0,0,0,0,0,0,0,0,0,0,0,0,0,0,2,0,0,0,0,0,0,0,0,2,0,0,0,0,65,0,1,0,5
104,GAC,0,5,0,214,0,0,0,0,0,0,0,0,0,0,0,0,0,1,0,0,0,0,0,0,0,0,0,0,0,0,0,0,1,152174,0,6,0,1,0,0,0,26,0,0,0,1,0,0,0,7,0,0,0,0,0,0,0,0,0,0,0,0,0,0
105,TAT,0,0,0,1,0,0,0,0,0,38,0,0,0,0,0,0,0,0,0,7,0,0,0,0,0,0,0,0,0,0,0,0,0,0,0,0,0,0,0,0,0,0,0,0,0,0,0,0,0,27,0,152377,0,0,11,0,0,0,0,7,29,0,24,0
106,GAG,0,0,3,0,0,0,0,0,0,0,1,0,0,0,0,0,0,0,0,0,0,0,0,0,0,0,0,0,0,0,0,0,7,0,152387,14,0,0,0,0,0,0,33,0,0,0,3,0,0,0,2,0,0,0,0,0,0,0,0,0,0,0,0,0
107,GAA,5,0,0,0,0,0,0,0,0,0,0,0,0,0,0,0,0,0,0,0,0,0,0,0,0,0,0,0,0,0,0,0,152382,0,24,0,0,0,0,0,9,0,0,0,0,0,0,0,3,0,0,0,0,0,0,0,0,0,0,0,0,0,0,0
108,CTG,0,0,0,0,0,0,0,0,0,0,0,0,0,0,5,0,0,0,1,0,0,0,18,0,0,0,0,0,8,0,152327,3,0,0,0,0,0,0,0,0,0,0,0,0,0,0,0,0,0,0,0,0,0,0,0,0,0,0,0,0,0,0,5,0
109,AGG,0,0,2,0,0,0,1,0,3,0,152322,7,0,0,17,0,0,0,0,0,0,0,0,0,0,0,1,0,0,0,0,0,0,0,0,0,0,0,0,0,0,0,33,0,0,0,0,0,0,0,0,7,0,0,0,0,0,0,0,0,0,0,0,0
110,GAG,0,0,3,0,0,0,0,0,0,0,0,0,0,0,0,0,0,0,0,0,0,0,0,0,0,0,0,0,0,0,0,0,30,0,152451,8,0,0,1,0,0,0,11,0,0,0,1,0,0,0,1,0,0,0,0,0,0,0,0,0,0,0,0,0
111,CAA,1,0,0,0,0,0,0,0,0,0,0,0,0,0,0,0,152364,3,7,0,0,0,0,0,4,0,0,0,0,0,0,0,1,0,0,0,0,0,0,0,0,0,0,0,0,0,0,0,90,0,0,0,0,0,0,0,0,0,0,0,0,0,0,0
112,TTG,0,0,0,0,0,0,0,0,0,0,0,0,0,0,0,0,0,0,0,0,0,0,0,0,0,0,0,0,0,0,120,0,0,0,0,0,0,0,0,0,0,0,0,0,0,0,0,0,0,0,0,0,0,0,18,0,0,0,0,0,7,0,152380,1
113,AGC,0,14,0,0,0,0,12,0,2,152470,0,3,0,3,0,0,0,0,0,0,0,0,0,0,0,0,0,0,0,0,0,0,0,0,0,0,0,0,0,0,0,6,0,0,0,0,0,0,0,0,0,0,0,0,0,0,0,1,0,0,0,0,0,0
114,TCA,0,0,0,0,0,0,0,0,0,0,0,0,0,0,0,0,0,0,0,0,18,0,0,0,0,0,0,0,0,0,0,0,0,0,0,0,0,0,0,0,0,0,0,0,0,0,0,0,0,44,0,1,152414,1,18,1,0,0,0,0,5,0,0,0
115,GTA,0,0,0,0,0,46,0,0,0,0,0,0,33,0,0,0,0,0,0,0,0,0,0,0,0,0,0,0,0,0,0,0,1,0,0,0,8,0,0,18,0,0,0,0,152397,2,8,0,0,0,0,0,0,0,0,0,0,0,0,0,4,0,0,0
116,TCA,0,0,0,0,0,0,0,0,0,0,0,0,0,0,0,0,4,0,0,0,4,0,0,0,0,0,0,0,0,0,0,0,31,0,0,0,0,0,0,0,0,0,0,0,0,0,0,0,3,6,0,0,152397,0,34,56,0,0,0,0,6,0,0,0
117,TCA,0,0,0,0,2,0,0,0,0,0,0,0,0,0,0,0,0,0,0,0,12,0,0,0,0,0,0,0,0,0,0,0,0,0,0,0,1,0,0,0,0,0,0,0,0,0,0,0,4,0,0,0,152487,3,4,1,0,0,0,0,2,0,0,0
118,TTA,0,0,0,0,0,0,0,0,0,0,0,0,0,0,0,0,0,0,0,0,0,0,0,0,0,0,0,0,1,0,0,0,0,0,0,0,0,0,0,0,0,0,0,0,0,30,0,0,0,0,0,0,9,0,0,0,1,0,33,0,152441,0,9,0
119,GAA,5,0,0,0,0,0,0,0,0,0,0,0,0,0,0,0,0,0,0,0,0,0,0,0,0,0,0,0,0,0,0,0,152435,1,4,0,0,0,0,0,9,0,0,0,0,0,0,0,3,0,0,0,0,0,0,0,0,0,0,0,0,0,0,0
119A,AGA,5,0,0,0,1,0,0,0,152455,0,6,1,2,0,0,0,0,0,0,0,0,0,0,0,0,0,0,0,0,0,0,0,0,0,0,0,0,0,0,0,9,0,0,0,0,0,0,0,0,0,0,0,0,0,0,0,0,0,0,0,0,0,0,0
119B,TTC,0,0,0,0,0,0,0,0,0,0,0,0,0,0,0,0,0,0,0,0,0,0,0,0,0,0,0,0,0,3,0,0,0,0,0,0,0,0,0,0,0,0,0,0,0,0,0,0,0,0,0,0,0,5,0,0,0,0,0,0,5,152444,0,5
119C,GAA,8,0,0,0,0,0,0,0,0,0,0,0,0,0,0,0,0,0,0,0,0,0,0,0,0,0,0,0,0,0,0,0,152462,0,38,1,0,0,0,0,7,0,0,0,0,0,0,0,2,0,0,0,0,0,0,0,0,0,0,0,0,0,0,0
120,ATA,1,0,0,0,5,0,0,0,0,0,0,0,152523,2,5,0,0,0,0,0,0,0,0,0,0,0,0,0,0,0,0,0,0,0,0,0,0,0,0,0,0,0,0,0,9,0,0,0,0,0,0,0,0,0,0,0,0,0,0,0,0,0,0,0
121,TTT,0,0,0,0,0,0,0,0,0,0,0,0,0,0,0,0,0,0,0,0,0,0,0,0,0,0,0,0,0,0,0,1,0,0,0,0,0,0,0,0,0,0,0,0,0,0,0,1,0,0,0,0,0,0,0,4,0,0,0,0,6,51,0,152492
122,CCC,0,0,0,56,0,3,0,0,0,21,0,0,0,0,0,0,0,3,0,0,3,152214,0,33,0,0,0,0,0,4,0,0,0,0,0,0,0,0,0,0,0,0,0,0,0,0,0,0,0,0,0,0,11,3,0,0,0,0,0,0,0,0,0,0
123,AAG,2,0,152411,3,0,0,2,0,0,0,13,0,0,0,0,0,0,0,2,0,0,0,0,0,0,0,0,0,0,0,1,0,0,0,12,0,0,0,0,0,1,0,0,0,0,0,0,0,0,0,0,0,10,0,0,0,0,0,0,0,0,0,0,0
124,GAA,10,0,0,0,0,0,0,0,0,0,0,0,0,0,0,1,0,0,0,0,0,0,0,0,0,0,0,0,0,0,0,0,152371,1,3,1,0,0,0,0,8,0,0,0,1,0,0,0,14,0,0,0,0,0,0,0,0,0,0,0,0,0,0,0
125,AGT,0,0,0,7,0,0,0,0,1,2,0,152044,0,0,0,38,0,0,0,0,0,0,0,0,0,0,0,0,0,0,0,0,0,0,0,0,152,0,93,0,0,0,0,8,0,0,0,0,0,42,0,0,0,0,8,0,0,0,0,1,0,23,0,0
126,TCA,0,0,0,0,1,3,0,0,0,0,0,16,0,0,0,0,0,0,0,0,4,0,0,0,0,0,0,0,0,0,0,0,0,0,0,0,1,25,0,0,0,0,0,0,0,0,0,0,3,0,0,0,152314,1,27,30,0,0,0,0,2,0,0,0
127,TGG,0,0,0,0,0,0,0,0,0,0,2,0,0,0,0,0,0,0,0,0,0,0,0,0,0,0,5,0,0,0,0,0,0,0,0,0,0,0,0,0,0,0,1,0,0,0,0,0,0,0,44,0,0,0,0,0,9,1,152299,2,0,0,3,0
128,CCC,0,0,0,0,0,8,0,0,0,0,0,0,0,0,0,0,0,6,0,0,3,152355,0,5,0,0,0,0,0,6,0,0,0,0,0,0,0,2,0,0,0,0,0,0,0,0,0,0,0,0,0,0,0,25,0,0,0,0,0,0,0,0,0,0
129,AAC,6,152388,0,3,0,40,0,0,0,6,0,0,0,0,0,0,0,0,0,0,0,0,0,0,0,0,0,0,0,0,0,0,0,12,0,0,0,0,0,0,0,0,0,0,0,0,0,0,0,0,0,0,0,0,0,0,0,0,0,0,0,0,0,0
130,CAC,0,2,0,0,0,0,0,0,0,0,0,0,0,0,0,0,2,152315,3,3,0,0,0,0,0,6,0,0,0,16,0,0,0,0,0,0,0,0,0,0,0,0,0,0,0,0,0,0,0,5,0,3,0,0,0,0,0,0,0,0,0,0,0,0
131,ACA,4,0,0,0,152351,0,11,3,0,0,0,0,3,0,0,0,0,0,0,0,1,0,0,0,0,0,0,0,0,0,0,0,0,0,0,0,13,0,0,0,0,0,0,1,0,0,0,0,0,0,0,0,0,0,0,0,0,0,0,0,0,0,0,0
132,TTC,0,0,0,0,0,0,0,0,0,0,0,0,0,0,71,0,0,0,0,0,0,0,0,0,0,0,0,0,0,4,2,0,2,0,16,0,0,0,0,0,0,0,0,0,0,3,0,37,0,1,0,0,0,12,0,0,0,0,0,0,2,152422,0,0
133,AAC,20,152094,3,60,0,4,0,0,0,11,0,0,0,1,0,0,0,0,50,0,1,52,7,0,0,0,0,0,0,0,0,0,2,9,0,213,0,0,20,0,0,0,0,0,0,0,0,0,0,0,0,0,0,0,0,0,0,0,0,0,0,1,0,0
134,GGA,0,0,0,0,0,0,0,0,14,0,0,0,0,0,0,0,0,0,0,1,37,0,0,0,0,0,0,0,0,0,0,0,3,0,0,0,0,0,0,0,152489,1,9,0,5,0,0,0,0,0,0,0,0,0,0,0,4,0,0,0,0,0,0,0
135,GTA,0,0,0,0,0,5,0,50,0,0,0,0,77,0,0,0,0,0,0,0,0,0,0,0,0,0,0,0,0,0,0,0,0,0,0,0,11,0,0,0,0,0,0,0,152406,0,7,0,0,0,0,0,0,26,0,0,0,0,0,0,7,0,0,0
136,ACA,2,0,0,0,152532,1,25,2,1,0,0,0,4,0,0,0,0,0,0,0,2,0,0,0,0,0,0,0,0,0,0,0,0,0,0,0,3,0,0,0,0,0,0,0,0,0,0,0,0,0,0,0,0,0,0,0,0,0,0,0,0,0,0,0
137,GTA,0,0,0,0,0,0,0,0,0,0,0,7,14,0,0,0,0,0,0,0,0,0,0,0,0,0,0,0,0,37,0,0,0,0,0,0,8,0,0,0,0,0,0,0,152389,4,48,0,0,0,0,0,0,0,0,17,0,0,0,0,9,0,53,0
138,TCA,0,0,0,0,1,0,0,0,0,0,0,0,0,0,0,0,0,0,0,0,5,0,0,0,0,0,0,0,0,0,0,0,0,0,0,0,0,0,24,0,0,0,0,0,0,0,0,0,1,0,0,0,152500,1,33,0,0,0,0,0,3,0,0,0
139,TGC,0,0,0,0,0,0,0,0,0,0,0,0,0,0,0,0,0,0,0,0,0,0,0,0,0,4,0,0,0,0,0,0,0,0,0,0,0,0,0,0,0,0,0,0,0,0,0,0,0,35,0,0,0,0,0,0,23,152344,0,7,0,2,0,0
140,TCC,0,0,0,1,1,0,0,0,0,0,0,0,0,0,0,0,2,0,0,0,0,74,0,35,0,0,0,0,24,0,0,0,0,0,0,0,0,0,0,0,0,15,2,0,0,0,0,0,0,53,0,0,2,151903,1,7,0,0,0,0,0,18,0,0
141,CAT,1,0,0,9,0,0,0,0,0,0,0,0,0,0,0,0,2,5,24,151993,0,0,0,4,0,0,0,10,0,0,0,108,92,1,0,11,0,0,4,0,0,0,0,0,0,0,0,0,0,0,0,2,0,0,8,0,0,0,0,0,0,0,0,0
142,AGG,5,0,6,0,0,0,1,0,2,0,151915,6,0,0,10,0,47,0,0,0,0,0,0,0,0,8,53,0,0,0,0,0,0,0,0,0,0,0,0,56,0,0,74,0,0,0,0,0,0,0,0,60,0,0,21,0,0,0,2,0,0,0,21,0
143,GGA,5,38,0,0,0,0,0,0,4,0,0,0,0,0,0,0,0,2,0,0,0,0,32,0,0,0,0,0,0,0,0,0,7,0,0,0,0,28,0,0,152042,0,14,0,2,0,0,0,0,0,0,0,0,210,0,1,0,0,0,0,0,0,0,0
144,AAA,152469,1,3,0,54,0,0,0,10,0,0,26,1,0,0,0,0,0,0,0,0,0,0,0,0,0,0,0,0,0,0,0,2,0,0,0,0,0,0,0,0,0,0,0,0,0,0,0,2,0,0,0,0,0,0,0,0,0,0,0,0,0,0,0
145,AGC,0,6,0,0,0,1,0,0,6,152147,1,166,0,1,0,0,0,0,0,0,0,2,0,0,0,0,0,0,0,0,0,0,0,0,0,0,0,19,0,0,0,73,0,0,0,0,0,0,0,0,0,0,0,0,0,0,0,1,0,0,0,0,0,0
146,AGT,0,0,0,10,0,0,0,0,0,4,5,152390,0,0,0,3,0,0,0,0,0,0,0,0,0,0,0,1,0,0,0,0,0,1,0,0,0,0,0,0,0,0,0,17,0,0,0,0,0,0,0,0,0,0,0,0,0,0,0,0,0,0,0,0
147,TTT,0,0,0,0,0,0,0,0,0,0,0,0,0,0,0,0,0,0,0,0,0,0,0,0,0,0,0,0,0,0,0,8,0,0,0,0,0,0,0,0,0,0,0,0,0,0,0,2,0,0,0,0,0,0,0,2,0,0,0,0,2,3,5,152507
148,TAC,0,1,0,0,0,0,0,0,0,0,0,0,0,0,0,0,0,11,0,0,0,0,0,0,0,0,0,0,0,0,0,0,0,0,0,0,0,0,0,0,0,0,0,0,0,0,0,0,1,152478,0,17,0,0,0,0,0,6,0,0,0,3,0,0
149,AGA,3,0,0,0,0,0,0,0,152365,1,9,0,5,0,0,0,0,40,0,0,0,0,0,0,1,0,0,0,0,0,0,0,0,0,0,0,0,0,0,0,36,0,0,0,0,0,0,0,0,0,0,0,0,0,0,0,2,0,0,0,0,0,0,0
150,AAT,1,1,0,152452,0,0,0,3,0,0,0,6,0,0,0,0,0,0,0,0,0,0,0,0,0,0,0,0,0,0,0,0,0,0,0,1,0,0,0,0,0,0,0,0,0,0,0,0,0,0,0,0,0,0,0,0,0,0,0,0,0,0,0,0
151,TTG,0,0,0,0,0,0,0,0,0,0,0,0,0,74,1,0,0,0,0,0,0,0,1,0,0,0,0,0,5,0,10,0,0,0,0,0,0,0,0,0,0,0,0,0,0,0,0,0,0,0,0,0,0,0,12,0,0,0,0,0,7,0,152320,5
152,CTA,0,0,0,0,0,0,0,0,0,0,0,0,4,0,0,0,0,0,0,0,21,0,0,0,0,0,0,0,152387,1,10,28,0,0,0,0,0,0,0,0,0,0,0,0,5,0,0,0,0,0,0,0,0,0,0,0,0,0,0,0,53,0,0,0
153,TGG,0,0,0,0,0,0,0,0,0,0,2,0,0,0,0,0,0,0,0,0,0,0,0,0,0,0,4,0,0,0,0,0,0,0,0,0,0,0,0,0,0,0,0,0,0,0,0,0,0,0,20,0,0,0,0,0,11,0,152156,3,0,0,3,0
154,CTG,0,0,0,0,0,0,0,0,0,0,0,0,0,0,2,0,0,0,1,0,0,0,15,0,0,0,0,0,41,1,152224,2,0,0,0,0,0,0,0,0,0,0,0,0,0,0,0,0,0,0,0,0,0,0,0,0,0,0,0,0,1,0,23,0
155,ACG,0,0,6,0,6,9,152254,4,0,0,0,0,0,0,40,0,0,0,0,0,0,0,0,0,0,0,0,0,0,0,0,0,0,0,0,0,0,0,61,0,0,0,0,0,0,0,0,0,0,0,0,0,0,0,1,0,0,0,0,0,0,0,0,0
156,AAG,14,0,152186,4,0,0,0,0,0,0,34,0,0,0,4,0,0,0,1,0,0,0,0,0,0,0,0,0,0,0,0,0,0,0,5,0,0,0,0,0,0,0,0,0,0,0,0,0,0,0,1,0,0,0,0,0,0,0,0,0,0,0,0,0
157,AAG,9,2,152307,29,0,0,1,0,0,0,31,0,0,0,21,0,0,0,0,0,0,0,0,0,0,0,0,0,0,0,0,0,0,0,6,0,0,0,0,0,0,0,0,0,0,0,0,0,0,0,0,0,0,0,0,0,0,0,0,0,0,0,0,0
158,GGG,0,0,0,0,124,18,47,0,0,0,8,0,0,0,0,0,0,0,0,0,0,0,0,0,0,0,0,0,0,0,0,0,0,0,3,1,0,55,0,0,20,0,152136,1,0,0,2,0,0,0,0,0,0,0,0,0,0,0,4,0,0,0,0,0
159,GAT,0,0,0,4,0,0,0,0,0,0,0,0,0,0,0,0,0,0,0,0,43,0,0,0,0,0,0,0,0,0,0,0,0,3,0,152369,0,78,0,0,0,0,0,16,0,0,0,1,0,0,0,1,0,0,0,0,0,0,0,0,0,0,0,0
160,TCA,0,0,0,85,0,42,0,0,0,0,0,4,0,1,0,0,0,43,0,0,16,0,0,0,0,0,0,0,0,33,0,9,129,0,0,105,0,0,0,0,0,0,0,0,0,0,1,0,1,0,0,0,151779,52,29,0,0,0,0,0,61,0,0,76
161,TAC,0,0,0,0,0,0,0,0,0,0,0,0,0,0,0,0,0,9,0,0,0,0,0,0,0,0,0,0,0,0,0,0,0,0,0,0,0,0,0,0,0,0,0,0,0,0,0,0,5,152406,0,13,0,1,0,0,0,27,0,0,0,0,0,0
162,CCA,0,0,0,57,56,0,0,11,0,0,0,3,0,0,0,0,2,0,17,0,152006,5,49,62,0,128,0,0,2,0,0,0,0,51,0,0,1,0,0,0,0,0,5,0,0,0,2,0,0,0,0,0,24,0,0,0,0,0,0,0,0,0,0,0
163,AAG,53,0,152318,23,51,0,2,0,0,0,15,0,0,0,38,0,0,0,0,0,0,0,0,0,0,0,0,0,0,0,0,0,0,0,15,0,0,0,0,0,0,0,0,0,0,0,0,0,0,0,1,0,0,0,0,0,0,0,0,0,0,0,0,0
164,CTG,0,0,0,0,0,0,0,0,0,0,0,0,0,0,3,1,0,0,1,0,0,0,7,0,0,0,0,0,5,3,152378,6,0,0,0,0,0,0,0,0,0,0,0,0,0,0,0,33,0,0,0,0,0,0,0,0,0,0,0,0,0,29,5,0
165,ACC,0,3,0,0,5,152302,0,3,0,0,0,0,0,5,0,1,0,0,0,0,0,0,0,0,0,0,0,0,0,0,18,91,0,0,0,0,1,12,0,0,0,0,5,0,0,0,0,0,0,0,0,4,0,0,0,0,0,0,0,0,0,0,0,0
166,AAT,0,0,1,152368,0,0,0,1,0,0,0,4,0,0,0,0,0,0,0,0,0,0,0,0,0,0,0,0,0,0,0,0,0,0,0,11,0,0,0,0,0,0,0,0,0,0,0,0,0,0,0,0,0,0,0,0,0,0,0,0,0,0,0,0
167,TCC,0,0,0,0,0,56,0,0,0,0,0,0,0,0,0,0,0,0,0,0,0,1,0,0,0,0,0,0,0,0,0,0,0,0,0,0,0,30,0,0,0,0,0,0,0,0,0,0,0,3,0,0,4,152360,0,2,0,0,0,0,0,2,0,0
168,TAT,0,0,0,0,0,0,0,0,0,0,0,0,0,0,0,0,0,0,0,46,0,0,0,0,0,0,0,0,0,0,0,0,0,0,0,0,0,0,0,0,0,0,0,0,0,0,0,0,0,4,0,152410,0,0,0,0,0,0,0,7,0,0,0,0
169,GTG,0,0,0,0,0,0,49,0,0,0,0,0,0,0,19,0,0,0,0,0,0,0,0,0,0,0,0,0,0,0,0,0,0,0,0,0,0,0,7,0,0,0,0,0,3,0,152299,10,0,0,0,0,0,0,0,0,0,0,0,23,0,37,2,23
170,AAC,6,152418,1,11,0,5,0,0,0,7,0,0,0,0,0,0,0,0,0,0,0,0,0,0,0,0,0,0,0,0,0,0,0,12,0,0,0,0,0,0,0,0,0,0,0,0,0,0,0,1,0,0,0,0,0,0,0,0,0,0,0,0,0,0
171,AAT,0,5,0,152377,0,0,0,1,0,7,0,4,0,0,0,0,0,0,0,2,0,0,0,0,0,0,0,0,0,0,0,0,0,0,0,12,0,0,0,113,0,0,0,0,0,0,0,0,0,0,0,0,0,0,0,0,0,0,0,0,0,0,1,0
172,AAA,152049,4,23,0,1,0,0,0,10,0,0,0,6,0,9,0,1,0,0,0,0,0,0,0,0,13,0,0,51,0,0,0,13,0,0,0,29,0,0,0,0,0,0,0,0,0,0,0,1,7,0,0,0,0,0,0,0,0,0,0,0,0,0,0
173,GGG,0,0,0,0,0,3,0,0,0,0,2,0,0,0,0,0,0,0,0,0,0,0,0,0,0,0,1,0,0,0,0,0,0,0,29,0,0,0,21,0,3,0,152301,0,0,0,0,0,0,0,0,0,0,27,47,53,0,0,12,0,0,0,0,0
174,AAA,152415,7,24,1,0,0,0,0,3,0,25,0,0,0,0,0,0,0,0,0,0,0,0,0,0,0,0,0,0,0,0,7,9,0,0,0,8,0,0,0,0,0,0,0,0,0,0,0,0,0,0,0,0,0,0,0,0,0,0,0,0,0,0,0
175,GAA,4,0,0,0,0,0,0,0,0,0,0,54,0,0,0,0,0,0,27,0,0,0,0,0,0,0,0,0,0,0,3,0,152201,0,3,2,0,0,0,0,9,0,0,0,1,0,0,0,3,0,0,0,148,21,0,0,0,0,0,0,0,0,0,0
176,GTC,0,0,0,0,0,0,0,0,0,0,0,0,0,8,0,0,0,0,0,0,0,0,0,0,0,0,0,0,0,0,0,0,0,1,0,0,0,10,0,0,0,0,0,0,3,152469,1,0,0,0,0,0,0,0,0,0,0,0,0,0,0,2,0,0
177,CTT,0,0,0,0,0,0,0,0,0,0,0,0,0,0,0,4,0,0,0,3,0,0,0,25,0,0,0,6,1,9,3,152450,0,0,0,0,0,0,0,0,0,0,0,0,0,0,0,0,0,0,0,0,0,0,0,0,0,0,0,0,0,0,0,2
178,GTA,0,0,0,0,0,0,0,0,0,0,0,0,68,31,0,0,0,0,0,0,0,0,0,0,0,0,0,0,0,0,0,0,0,0,0,0,24,0,0,0,0,0,0,0,155101,0,18,0,0,0,0,0,0,0,0,0,0,0,0,0,8,0,0,0
179,CTA,0,0,0,0,0,0,0,0,0,0,0,0,3,0,0,0,0,0,0,0,7,0,0,0,2,0,0,0,155174,1,6,0,0,0,0,0,0,0,0,0,0,0,0,0,0,0,0,0,0,0,0,0,0,0,0,0,0,0,0,0,2,0,0,0
180,TGG,0,0,0,0,0,0,0,0,0,0,3,0,0,0,0,0,0,0,0,0,0,0,0,0,0,0,4,0,0,0,0,0,0,0,0,0,0,0,0,0,0,0,0,0,0,0,0,0,0,0,1,0,0,0,0,0,4,0,155118,4,0,0,2,0
181,GGT,0,0,0,0,0,0,0,0,0,0,0,21,0,0,0,0,0,0,0,0,0,0,0,0,0,0,0,0,0,0,0,0,0,0,0,4,0,0,0,1,1,31,2,155085,0,0,0,2,0,0,0,0,0,0,0,0,0,0,0,2,0,0,0,0
182,GTT,0,0,0,0,0,0,0,0,0,0,0,0,0,0,0,22,0,0,0,0,0,0,0,0,0,0,0,0,0,0,59,0,0,0,0,1,0,0,0,13,0,0,0,0,1,57,0,155044,0,0,0,0,0,0,0,0,0,0,0,0,0,0,38,39
183,CAT,0,0,0,5,0,0,0,0,0,0,0,0,0,0,0,0,0,15,0,155232,0,0,0,0,0,0,0,14,0,0,0,1,0,0,0,0,0,0,0,0,0,0,0,0,0,0,0,0,0,0,0,4,0,0,0,0,0,0,0,0,0,0,0,0
184,CAC,0,2,0,0,0,0,0,0,0,0,0,0,0,0,0,0,1,155105,1,18,0,0,0,0,0,7,0,0,0,1,0,0,0,0,0,0,0,0,3,0,0,0,0,0,0,0,0,0,0,4,0,0,0,0,0,0,0,0,0,0,0,0,0,0
185,CCG,0,0,0,0,0,0,2,0,0,0,0,0,0,0,0,0,0,0,4,0,62,2,155135,6,0,0,0,0,0,0,2,0,0,0,0,0,0,0,1,0,0,0,0,0,0,0,0,0,0,0,0,0,0,0,6,0,0,0,0,0,0,0,0,0
186,TCT,0,0,0,0,0,0,0,0,0,0,0,0,0,0,0,0,0,0,0,0,0,0,0,12,0,0,0,0,0,0,0,0,0,0,0,0,0,0,0,10,0,0,0,0,0,0,0,0,0,0,0,2,0,27,0,155122,0,0,0,0,0,0,0,1
187,AGC,0,11,0,0,0,0,0,0,3,155146,0,24,0,3,0,0,0,0,0,0,0,0,0,0,0,0,0,0,0,0,0,0,0,0,0,0,0,0,0,0,0,18,0,0,0,0,0,0,0,0,0,0,0,0,0,0,0,0,0,0,0,0,0,0
188,AGT,0,0,0,3,0,0,0,0,1,2,0,154915,30,0,0,4,0,0,0,0,0,0,0,0,0,0,0,0,0,0,0,0,0,0,0,0,0,0,0,0,0,0,0,14,0,0,0,0,0,0,0,0,0,0,0,0,0,0,0,18,0,65,0,0
189,GAT,0,0,0,28,0,0,0,0,0,0,0,0,0,0,0,0,0,0,0,2,0,0,0,0,0,0,0,0,0,0,0,0,1,7,1,155070,0,0,0,0,0,0,0,9,0,0,84,2,0,0,0,4,0,0,0,0,0,0,0,0,0,0,0,0
190,GAG,0,0,2,0,0,0,0,0,0,0,0,0,0,0,0,0,0,0,0,0,0,0,0,0,0,0,0,0,0,0,0,0,52,1,155077,3,0,0,3,0,0,0,15,0,0,0,1,0,0,0,4,0,0,0,0,0,0,0,0,0,0,0,0,0
191,CAA,5,0,0,0,0,0,0,0,0,0,0,0,0,0,0,0,155201,0,1,0,0,0,0,0,9,0,0,0,0,0,0,0,0,0,0,0,0,0,0,0,0,0,0,0,0,0,0,0,20,0,0,0,0,0,0,0,0,0,0,0,0,0,0,0
192,CAG,0,0,4,0,0,0,0,0,0,0,0,44,0,0,0,0,60,0,154935,3,0,0,4,0,0,0,67,0,0,0,1,0,0,84,1,0,0,0,0,0,0,0,0,14,0,0,0,0,0,0,6,0,0,0,0,0,0,0,0,0,0,0,0,0
193,AGT,0,0,0,30,0,0,0,0,0,5,0,155116,0,0,0,2,0,0,0,0,0,0,0,0,0,0,0,0,0,0,0,0,0,0,0,0,0,0,0,0,0,0,0,40,0,0,0,0,0,0,0,0,0,0,0,0,0,0,0,4,0,0,0,0
194,CTC,0,0,0,0,0,0,0,0,0,0,0,0,0,5,0,0,0,1,0,0,0,3,0,0,0,0,0,0,8,155078,0,2,0,0,0,0,0,0,0,0,0,0,0,0,0,2,0,0,0,0,0,0,0,0,0,0,0,0,0,0,0,4,0,0
195,TAT,0,0,0,1,0,0,0,0,0,0,0,0,0,0,0,0,0,0,0,15,0,0,0,0,0,0,0,0,0,0,0,0,0,0,0,1,0,0,0,0,0,0,0,0,0,0,0,0,0,2,0,155015,0,0,0,0,0,0,0,4,0,0,0,1
196,AGT,0,0,0,23,0,0,0,0,0,60,0,154817,0,0,0,6,0,0,0,0,0,0,0,0,0,0,0,0,0,0,0,0,79,0,1,0,17,0,1,0,0,0,0,52,0,0,0,0,0,0,0,0,0,0,22,0,0,0,0,6,75,0,0,0
197,AAT,0,4,2,155076,0,0,0,0,0,0,0,2,0,0,0,2,0,0,0,0,0,0,0,0,0,0,0,0,0,0,0,0,0,0,0,9,0,0,0,30,0,1,0,0,0,0,0,0,0,0,0,0,0,0,0,0,0,0,0,0,0,0,0,0
198,GGA,0,28,0,0,0,0,0,0,4,0,0,221,0,0,0,0,0,0,0,21,0,0,0,0,1,0,0,0,0,0,0,0,81,0,0,0,42,0,0,0,154664,0,6,1,1,0,0,0,0,0,0,0,0,18,0,0,5,0,0,0,0,0,0,0
199,AAT,0,4,0,154968,0,0,0,1,0,0,0,2,0,0,0,0,0,0,0,0,0,0,0,0,0,0,0,0,0,0,0,0,0,0,1,18,0,0,0,0,0,0,0,0,0,0,0,0,0,0,0,0,0,0,0,0,0,0,0,0,0,0,29,0
200,GCT,0,25,0,0,0,0,0,8,0,0,0,0,0,0,0,0,0,0,0,0,0,0,0,2,0,0,0,0,0,0,0,0,0,0,0,3,0,28,50,155008,0,0,0,0,0,0,0,9,0,0,0,0,0,0,48,2,0,0,0,0,0,0,0,0
201,TAT,0,0,0,0,0,0,0,0,0,0,0,0,0,0,0,0,0,0,0,18,0,0,0,0,0,0,0,0,0,0,0,0,0,0,0,1,0,0,0,0,0,0,0,0,0,0,0,0,0,3,0,154992,0,0,0,2,0,0,0,4,0,0,0,1
202,GTC,0,0,0,0,0,0,0,0,0,0,0,0,4,8,0,34,0,0,0,0,0,0,0,0,0,0,0,0,0,0,0,0,0,0,0,0,0,44,0,0,0,0,0,0,2,155054,5,81,0,0,0,0,0,0,0,0,0,0,0,0,0,3,0,0
203,TCT,0,0,0,0,0,0,4,1,0,0,0,0,0,0,0,0,0,0,0,0,0,0,0,13,1,0,0,0,0,0,0,0,0,0,0,0,0,0,0,2,0,0,0,0,0,0,0,0,0,0,0,4,0,23,2,155142,0,0,0,0,0,0,0,2
204,GTA,0,0,0,0,0,0,0,0,0,0,0,0,7,0,0,0,0,0,0,0,0,0,0,0,0,0,0,0,0,0,0,0,1,0,0,0,12,0,0,0,0,0,0,0,155174,1,8,0,0,0,0,0,0,0,0,0,0,0,0,0,2,0,0,0
205,GCG,0,0,0,0,0,0,4,0,0,0,0,0,0,0,16,0,0,0,0,0,0,0,2,0,0,0,0,0,0,2,0,0,0,0,2,0,7,1,155060,1,0,0,0,0,0,0,16,0,0,0,0,0,0,0,2,0,0,0,66,0,0,0,0,0
206,TCT,0,0,0,0,0,0,0,0,0,0,0,0,0,0,0,0,0,0,0,0,0,0,0,10,0,0,0,0,0,0,0,0,0,0,0,0,0,0,0,1,0,0,0,0,0,0,0,0,0,0,0,2,5,118,9,155052,0,0,0,0,0,0,0,7
207,TCA,0,0,24,0,2,2,0,0,75,0,0,0,0,0,0,0,0,0,0,0,35,0,0,0,0,0,0,0,0,0,0,0,38,0,0,0,0,0,0,0,0,0,0,0,0,0,0,0,2,0,0,0,154985,1,17,0,0,0,0,0,6,0,0,0
208,AAT,1,3,0,154887,0,0,0,47,0,67,0,3,58,0,0,4,0,0,0,78,0,0,0,0,0,0,0,0,0,35,0,0,0,0,0,7,0,50,0,0,0,0,0,0,0,0,1,0,0,0,0,0,0,0,0,0,0,0,0,0,0,0,0,0
209,TAT,0,0,0,0,0,0,0,0,0,0,0,0,0,0,0,0,0,0,0,12,0,0,0,0,0,0,0,0,0,0,0,0,0,0,0,0,0,0,0,0,0,0,0,0,0,0,0,0,0,19,0,155198,0,0,0,0,0,0,0,6,0,0,0,0
210,AAC,2,154937,1,2,0,0,0,0,0,7,0,0,0,0,0,0,0,61,0,0,0,0,0,0,0,0,0,0,0,0,0,0,0,33,0,0,0,0,0,0,0,0,0,0,0,1,0,0,0,20,0,0,0,27,0,0,0,0,0,48,28,27,0,0
211,AGG,0,0,5,0,0,0,2,0,8,0,155057,4,0,0,3,0,0,0,0,0,0,0,0,0,0,74,3,15,0,0,0,0,0,0,0,0,0,0,0,0,0,0,13,0,0,0,0,0,0,0,0,0,0,0,0,0,0,0,1,11,0,0,0,0
212,AGA,4,0,0,0,0,0,0,0,154654,0,3,0,2,0,0,0,0,0,0,0,0,0,0,0,0,0,0,10,0,0,0,0,0,0,0,0,0,0,0,0,25,0,0,0,0,0,0,0,0,0,0,0,0,0,0,0,1,0,0,0,0,0,0,0
213,TTC,0,0,0,0,0,0,0,0,0,0,0,0,0,38,0,0,0,0,0,0,0,0,0,0,0,0,0,0,0,4,0,0,7,0,0,0,0,0,0,0,0,0,0,0,0,0,0,0,0,0,0,0,7,13,0,0,0,0,9,1,4,155034,0,8
214,ACC,0,5,0,0,5,155087,0,4,0,0,0,0,0,2,0,0,0,0,0,0,0,0,0,0,0,0,0,0,0,0,0,17,0,0,0,0,0,29,0,0,0,0,0,0,0,0,0,0,0,0,0,0,59,1,0,0,0,0,0,0,0,0,0,0
215,CCG,0,0,0,0,0,0,18,0,0,0,0,0,0,0,0,0,0,0,19,0,117,1,154836,6,0,0,32,0,0,0,8,0,0,0,0,0,0,0,0,0,0,0,0,0,0,0,17,0,0,0,0,0,1,0,31,0,0,0,0,0,0,0,0,0
216,GAA,5,0,0,0,0,1,0,45,0,0,0,0,0,0,0,0,0,0,0,0,0,0,0,0,0,0,0,0,0,0,0,0,154774,3,2,0,2,0,0,0,11,0,0,0,0,0,0,0,3,0,0,0,26,0,37,0,0,0,0,0,0,0,0,10
217,ATA,1,0,1,0,3,0,0,0,1,0,0,0,155073,1,78,4,0,0,0,0,0,0,0,0,0,0,0,0,1,0,0,0,0,0,0,0,0,1,0,0,0,0,0,0,2,0,0,0,0,0,0,0,0,0,0,0,0,0,0,0,2,0,0,0
218,GCT,0,0,0,0,1,0,0,6,0,0,0,0,0,0,0,0,34,0,14,0,0,0,0,0,0,0,0,0,0,32,0,0,0,0,0,2,28,4,1,154819,0,0,0,0,0,0,0,32,0,0,0,0,60,0,0,40,0,0,5,53,0,0,0,1
219,GCA,18,0,0,4,81,73,0,0,1,0,0,0,0,0,1,0,16,0,0,1,1,0,0,0,0,0,0,0,24,26,1,0,1,0,0,0,154720,2,83,0,0,0,25,0,4,9,0,0,0,0,0,0,3,0,0,0,0,0,5,0,1,0,0,0
220,AGG,0,0,38,0,0,0,0,0,59,1,154684,0,0,0,17,0,0,0,0,0,0,0,0,0,0,0,14,4,0,0,0,0,0,0,0,0,0,0,0,0,0,0,38,0,0,0,0,0,0,0,0,0,0,0,0,0,0,0,2,0,0,0,0,0
221,CCC,0,0,0,0,0,2,0,0,0,0,0,0,0,0,0,0,0,3,0,0,10,154939,3,1,0,0,0,0,0,2,0,1,0,0,0,0,0,19,0,0,0,0,0,0,0,0,0,0,0,0,0,0,0,10,0,0,0,0,0,0,0,69,0,0
222,AAA,154851,3,8,1,0,0,0,0,60,0,0,0,1,0,0,0,3,0,0,0,0,0,0,0,11,8,30,0,0,0,0,0,25,0,9,0,0,0,0,0,0,0,0,0,0,0,19,0,1,0,0,0,0,0,0,0,0,0,0,0,0,0,0,0
223,GTA,0,0,0,0,0,12,0,0,0,0,0,2,11,50,0,0,0,0,0,0,0,0,0,0,0,0,0,0,0,0,28,11,0,0,0,0,7,0,0,0,0,0,0,0,154885,32,8,25,3,0,0,0,0,0,0,0,0,0,0,0,3,0,0,0
224,AGA,95,0,81,0,1,0,0,0,154429,3,23,0,3,0,0,0,0,18,0,0,0,0,0,0,62,0,0,0,30,91,1,0,0,0,3,0,0,0,0,0,7,0,0,0,0,0,0,0,0,0,0,13,0,0,1,0,1,0,0,0,0,0,13,0
225,GAT,0,2,0,3,0,0,0,0,2,0,0,0,0,3,0,0,0,0,0,0,0,0,0,0,0,0,0,0,0,0,0,0,2,29,1,154820,0,0,0,0,0,0,0,7,0,0,0,0,0,0,0,2,0,0,0,0,0,0,0,0,0,0,0,0
226,CAA,6,0,0,0,0,0,0,0,0,0,0,0,0,0,0,0,154858,0,28,1,0,0,0,0,12,0,0,0,0,0,0,0,0,0,0,0,0,0,0,0,0,0,0,0,0,0,0,0,4,0,0,0,3,0,0,0,0,0,0,0,0,0,0,0
227,CAT,0,0,0,5,0,151,0,0,0,0,0,0,0,0,0,34,0,5,1,154997,0,0,67,0,0,0,0,7,0,0,0,0,0,0,0,2,0,0,0,0,0,0,0,0,0,29,0,0,0,0,0,0,0,0,0,0,0,0,0,0,0,0,0,0
228,GGG,0,0,0,0,0,0,0,0,0,0,7,0,0,0,0,0,0,0,0,0,0,0,0,0,0,0,0,0,0,0,0,0,0,0,4,0,0,0,0,0,9,1,155269,6,0,0,4,0,0,0,0,0,0,0,0,0,0,0,4,0,0,0,0,0
229,AGG,0,0,18,0,0,0,1,0,19,0,155143,3,0,0,2,0,0,0,0,0,0,0,0,0,0,0,57,0,0,0,0,0,0,0,0,0,0,0,0,0,0,0,23,0,0,0,0,0,0,0,0,0,0,0,0,0,0,0,2,0,14,0,0,0
230,ATG,0,0,1,0,0,0,3,0,0,0,0,0,7,0,155220,3,0,0,0,0,0,0,0,0,0,0,0,0,0,0,0,0,0,0,0,0,0,0,0,0,0,0,0,0,0,0,58,0,0,0,0,0,0,0,0,0,0,0,0,0,0,0,1,0
231,AAC,8,155259,0,3,0,1,0,0,0,12,10,0,0,0,0,0,1,0,0,0,0,0,0,0,0,0,0,0,0,0,0,0,0,8,0,0,0,0,0,0,0,0,0,0,0,0,0,0,0,0,0,0,0,0,0,0,0,0,0,0,0,0,0,0
232,TAT,0,0,0,0,0,0,0,0,0,0,0,0,0,0,0,0,0,0,0,19,0,0,0,0,0,0,0,0,0,0,0,0,0,0,0,0,0,0,0,0,0,0,0,0,0,0,0,0,12,3,0,155156,0,0,0,2,0,0,0,8,0,0,0,0
233,TAC,0,1,0,0,0,0,0,0,0,0,0,0,0,0,0,0,0,8,0,0,0,0,0,0,0,0,0,0,0,0,0,0,0,0,0,0,0,0,0,0,0,0,0,0,0,0,0,0,4,155030,0,4,0,0,0,0,0,10,0,0,3,0,0,0
234,TGG,0,0,0,0,0,0,0,0,0,0,1,0,0,0,0,0,0,0,0,0,0,0,0,0,0,0,46,0,0,0,1,0,0,0,0,0,0,0,0,0,0,0,2,0,0,0,0,0,0,0,32,0,0,0,0,0,2,0,155057,3,0,0,2,0
235,ACC,0,2,0,0,3,154700,21,11,0,0,0,0,0,6,0,0,0,0,0,16,0,0,0,0,171,0,0,0,0,0,0,0,0,1,0,0,0,28,0,0,0,0,0,0,0,0,0,0,0,0,0,0,0,0,0,0,0,0,0,0,0,0,0,0
236,TTG,0,0,0,0,0,0,0,0,0,0,0,0,0,7,0,0,0,0,0,0,0,0,0,0,0,0,0,0,3,0,7,65,0,0,0,0,0,0,0,0,0,0,0,0,0,0,0,0,0,0,0,1,0,0,12,0,0,0,0,0,67,0,154805,5
237,CTA,0,0,0,0,0,0,0,0,0,0,0,0,4,0,2,0,0,0,0,0,17,0,0,0,0,0,0,0,154761,0,18,0,0,0,0,0,0,0,0,0,0,0,0,0,35,0,0,0,0,0,0,0,0,0,0,0,0,0,0,0,29,0,0,0
238,GAA,6,0,0,0,0,0,0,0,0,0,0,0,0,0,0,0,0,0,0,0,0,53,0,0,0,0,0,0,0,1,0,0,155024,0,1,0,0,0,0,0,9,0,0,0,0,0,0,0,7,0,0,0,0,0,0,0,0,0,0,2,0,0,0,0
239,CCC,0,0,0,0,0,2,0,0,0,0,0,0,0,0,0,0,0,0,0,0,4,155232,1,6,0,0,0,0,0,0,0,0,0,0,0,0,0,1,0,0,0,0,0,0,0,0,0,0,0,0,0,0,0,9,0,0,0,0,0,0,0,0,0,0
240,GGA,0,1,0,0,0,0,0,0,22,0,0,0,0,0,0,0,0,0,0,0,0,0,0,0,0,0,0,0,1,0,0,0,2,0,11,17,0,0,0,0,155002,0,42,2,1,0,0,0,0,0,0,0,0,0,0,0,2,0,0,0,0,0,0,0
241,GAC,0,3,0,0,0,0,0,0,0,0,0,0,0,0,0,0,0,1,0,0,0,0,0,0,0,0,0,0,0,0,0,0,1,155125,0,34,0,1,1,0,0,3,0,0,0,1,0,0,0,3,0,0,0,0,0,0,0,0,0,0,0,0,0,0
242,ACA,3,0,0,0,154966,28,33,3,0,0,0,0,5,0,0,0,0,0,0,0,1,0,0,0,0,0,0,0,0,0,0,0,0,0,0,0,6,0,0,0,0,0,0,0,0,0,0,0,0,57,0,0,1,9,0,0,0,0,0,0,0,0,0,0
243,ATA,0,0,0,0,21,0,0,0,0,0,0,0,155174,3,19,7,0,0,0,0,0,0,0,0,0,0,0,0,1,7,0,0,0,0,0,0,0,0,0,0,0,0,0,0,1,0,0,0,0,0,0,0,0,0,0,0,0,0,0,0,36,0,0,0
244,ATA,2,0,0,0,6,0,0,0,1,0,0,0,154746,7,27,0,0,46,9,0,0,0,0,0,0,0,0,0,116,48,0,0,0,0,0,1,0,0,0,0,0,0,0,0,3,0,0,0,0,0,0,0,0,1,0,0,0,0,0,0,55,0,0,0
245,TTT,0,0,0,0,0,0,0,0,0,0,0,0,0,0,0,0,0,0,0,0,0,0,0,0,0,0,0,0,29,0,5,5,0,0,0,0,0,0,0,0,0,0,0,0,0,0,0,0,0,0,0,0,0,0,0,6,0,0,0,0,5,91,1,154899
246,GAG,0,0,6,0,0,0,0,0,0,0,0,0,0,0,0,0,0,0,0,0,0,0,0,0,0,0,0,0,0,0,0,0,6,0,154986,13,0,0,1,0,0,0,36,0,0,0,7,0,0,0,5,0,0,0,0,0,0,0,0,0,0,0,0,0
247,GCA,0,0,0,0,15,0,0,1,0,0,0,0,0,0,0,0,0,0,0,0,0,0,0,0,0,0,0,0,0,0,0,0,3,0,0,0,154918,32,5,5,45,0,0,0,14,0,0,0,0,0,0,0,3,0,0,0,0,0,0,0,0,0,0,0
248,ACT,0,27,0,3,2,19,1,154906,0,0,0,1,0,0,0,6,0,0,0,0,0,0,0,0,0,0,0,0,0,0,0,0,0,0,0,0,0,0,0,3,0,0,0,0,0,0,0,0,0,0,0,0,0,0,0,0,0,0,0,0,0,0,0,0
249,GGT,0,0,0,0,0,0,0,0,0,0,0,5,0,0,0,0,0,0,0,0,0,0,0,0,0,0,0,0,0,0,0,0,0,0,0,10,0,0,0,0,0,25,1,154746,0,0,0,1,0,0,0,0,0,0,0,0,0,0,0,5,0,0,0,0
250,AAT,1,72,0,155043,0,0,0,1,0,0,0,4,0,0,0,1,0,0,0,0,0,0,0,0,0,0,0,0,0,0,0,0,0,0,0,18,0,0,0,0,0,0,0,0,0,0,0,0,0,0,0,0,0,0,0,0,0,0,0,0,0,0,0,0
251,CTA,0,0,0,0,0,0,0,0,0,0,0,0,6,0,0,0,0,0,0,0,33,0,0,0,0,0,0,0,155003,0,13,2,0,0,0,0,0,0,0,0,0,0,0,0,0,0,0,0,0,0,0,3,0,0,0,0,0,0,0,0,2,0,0,0
252,ATA,0,0,0,0,4,0,0,0,1,0,0,0,154776,0,17,0,0,0,0,0,0,0,0,0,0,0,0,0,1,0,0,0,0,0,0,0,0,0,0,0,0,0,0,0,4,0,0,0,0,0,0,0,0,0,0,0,0,0,0,0,11,0,1,0
253,GCA,0,0,0,0,6,0,0,0,0,0,0,0,0,0,0,0,0,0,0,0,0,0,0,0,0,0,0,0,0,0,0,0,1,0,0,0,154986,1,3,0,3,0,0,0,4,0,0,0,0,0,0,0,1,0,0,0,0,0,0,0,0,0,0,0
254,CCA,0,0,0,0,0,0,0,0,0,0,0,0,0,0,0,0,2,0,0,0,155124,5,4,0,0,0,0,0,1,0,0,0,0,0,0,0,0,0,0,0,0,0,0,0,0,0,0,0,0,0,0,0,4,0,0,0,0,0,0,0,0,0,0,0
255,TGG,0,0,0,0,0,0,0,0,0,0,0,0,0,0,0,0,0,0,0,0,0,0,0,0,0,0,3,0,0,0,0,0,0,0,0,0,0,0,0,0,0,0,3,0,0,0,0,0,0,0,3,0,0,0,1,0,6,0,154818,1,0,0,2,0
256,TAT,0,0,0,0,0,0,0,0,0,0,0,0,0,0,0,0,0,37,0,23,0,0,0,0,0,0,0,0,0,0,0,0,0,0,0,1,0,0,0,0,0,0,0,0,0,0,0,0,2,6,2,155089,0,0,0,1,0,0,0,8,0,0,0,0
257,GCT,0,0,0,0,0,0,0,33,0,0,0,0,0,0,0,0,0,0,0,0,0,0,0,0,0,0,0,0,0,0,0,0,0,0,0,2,2,5,28,155078,0,0,0,0,0,0,0,4,0,0,0,0,0,0,27,0,0,0,0,0,0,0,0,0
258,TTC,0,0,0,0,0,0,0,0,0,0,0,0,0,0,0,0,0,1,0,0,0,0,0,0,0,0,0,0,0,17,0,0,0,0,0,0,0,0,0,0,0,0,0,0,0,1,0,0,0,1,0,0,0,7,0,0,0,0,0,0,3,155193,0,21
259,GCA,0,0,0,0,38,29,0,0,0,0,0,0,0,0,0,73,0,0,0,0,1,0,0,0,0,0,0,0,0,0,0,0,3,0,59,0,154902,0,12,1,4,0,0,0,11,0,0,0,0,0,0,0,5,0,0,0,0,0,0,0,3,0,0,0
260,CTG,0,0,0,0,0,0,0,0,0,0,0,0,46,0,3,26,0,0,5,0,0,0,64,0,0,0,2,0,98,0,154864,14,0,0,0,0,0,0,0,0,0,0,0,0,0,0,1,55,0,0,0,0,0,0,0,0,0,0,0,0,0,0,5,0
261,AGT,0,9,0,4,5,0,0,97,0,9,0,154909,0,0,15,3,0,0,0,0,0,0,0,0,0,0,0,0,0,0,0,0,0,0,0,0,0,0,0,0,53,0,0,11,0,0,0,0,0,0,0,0,0,0,0,0,0,0,0,0,0,0,29,0
262,AGA,2,0,0,0,0,0,0,0,155146,1,29,0,1,0,0,0,0,0,0,0,0,0,0,0,2,0,39,0,0,0,0,0,0,0,0,0,0,0,0,0,5,0,0,0,0,0,0,0,0,0,0,0,0,0,0,0,3,0,0,0,0,1,0,0
263,GGG,0,0,0,38,44,0,0,0,0,1,56,0,0,0,0,0,0,0,0,0,0,0,0,0,0,0,1,0,0,0,0,0,0,0,5,0,0,0,54,29,6,1,154922,3,0,0,1,0,0,0,0,0,0,0,0,0,0,0,17,0,0,0,0,0
263A,TTT,0,0,0,0,0,0,0,0,0,55,7,0,1,0,0,1,48,0,0,0,0,0,2,0,0,0,0,0,0,11,0,4,0,0,50,0,0,0,5,2,0,0,0,0,0,0,52,3,0,0,0,0,0,81,48,11,0,0,0,1,1,53,0,154750
264,GAG,1,28,17,0,0,0,0,0,0,0,0,0,0,0,0,0,0,0,90,0,0,0,0,0,0,0,0,1,0,0,1,0,13,1,154738,8,0,0,1,0,0,0,28,4,0,0,3,0,0,58,3,48,0,0,0,0,0,0,12,0,0,0,0,0
265,TCC,0,0,0,0,0,6,0,0,0,0,0,0,0,0,0,0,0,0,0,0,0,8,0,0,0,0,0,0,0,0,0,0,0,0,0,0,0,2,0,0,0,0,0,0,0,0,0,0,0,4,0,0,10,155127,6,18,0,0,0,0,0,3,0,0
266,GGC,0,0,0,0,0,0,0,0,0,24,0,0,0,0,0,0,0,0,0,0,0,0,0,0,0,1,0,0,0,0,0,0,0,17,0,0,0,0,0,0,7,154775,0,38,0,2,0,0,0,0,0,0,0,0,0,0,0,4,0,0,0,0,0,0
267,ATC,0,1,0,0,0,7,0,0,0,0,0,0,1,154861,0,70,0,0,0,0,0,0,0,0,0,0,0,0,0,2,0,0,0,0,0,0,0,0,0,0,0,0,0,0,0,6,0,0,0,0,0,0,0,0,0,0,0,0,0,0,0,0,0,0
268,ATC,0,1,0,0,0,14,0,0,0,0,0,0,63,154976,1,7,0,0,0,0,0,0,0,0,0,0,0,0,0,2,0,0,0,0,0,0,0,0,0,0,0,0,0,0,7,14,0,0,0,0,0,0,0,0,0,0,0,0,0,0,0,0,0,0
269,ACC,0,7,0,0,61,154932,0,4,0,0,0,0,0,5,0,0,0,0,0,0,0,0,0,0,0,0,3,0,0,0,0,2,0,0,0,0,0,5,0,0,0,0,0,0,1,0,40,11,0,0,0,1,0,0,1,27,0,0,0,0,0,0,0,0
270,TCA,0,0,0,0,2,0,0,0,0,0,0,29,0,0,0,0,0,0,0,0,38,0,0,0,0,0,0,0,0,0,0,0,0,0,0,0,0,0,0,0,0,0,0,0,0,0,0,0,2,0,0,0,154948,1,23,0,2,0,0,0,1,0,0,0
271,AAC,5,154783,1,18,0,8,17,0,0,6,0,30,0,0,0,0,0,3,0,0,0,0,0,0,0,0,0,0,1,0,0,0,1,4,0,0,0,0,0,0,0,0,0,0,0,0,0,0,0,0,0,0,1,0,0,0,0,0,0,0,0,0,0,0
272,GCG,0,0,0,0,0,0,8,0,0,0,0,0,0,0,0,0,0,0,0,1,0,0,0,0,0,0,0,0,0,0,0,0,0,0,3,0,91,7,131535,1,0,0,1,0,0,0,4,0,0,0,0,0,0,0,4,0,0,0,0,0,0,0,0,0
273,TCA,0,0,0,0,1,0,0,0,0,0,0,0,0,0,0,0,0,0,0,0,14,0,0,9,0,0,0,0,0,0,0,0,0,0,0,0,0,0,0,0,0,0,0,0,0,0,0,0,1,0,0,0,131595,0,20,2,1,0,0,0,2,0,0,0
274,ATG,0,0,0,0,0,0,10,0,0,0,18,0,30,0,131567,4,0,0,0,0,0,0,0,0,0,0,0,0,0,0,0,0,0,0,0,0,0,0,0,0,0,0,0,0,0,0,2,0,0,0,0,0,0,0,0,0,0,0,0,0,0,0,0,0
275,CAT,0,0,0,40,0,45,0,0,0,0,0,0,0,0,0,0,2,3,0,131430,0,0,0,1,0,0,0,6,0,0,0,1,0,0,0,0,0,0,0,0,0,0,26,1,0,0,0,0,0,0,0,59,0,0,0,0,0,0,0,0,0,0,0,0
276,GAG,0,0,4,0,0,0,0,0,0,0,0,0,0,0,41,0,0,0,0,0,0,0,0,0,0,0,0,0,0,0,0,0,4,3,131556,1,0,0,0,0,0,0,13,0,0,0,1,0,0,0,4,0,0,0,0,0,0,0,0,0,0,0,0,0
277,TGT,0,0,0,0,0,0,0,0,0,0,0,2,0,0,0,0,0,0,0,0,0,0,0,0,0,0,0,3,0,0,0,0,0,0,0,0,0,0,0,0,0,0,0,0,0,0,0,0,0,0,0,35,0,0,0,1,0,25,0,131570,0,0,0,0
278,AAC,4,131567,0,3,0,8,0,0,0,18,0,0,0,1,0,0,0,7,0,0,0,0,0,0,0,0,0,0,0,0,0,0,0,31,0,0,0,0,0,0,0,0,0,0,0,0,0,0,0,1,0,0,13,0,0,0,0,0,0,0,0,0,0,0
279,ACG,0,0,2,0,117,24,131479,2,0,0,1,0,0,0,8,0,0,0,0,0,0,0,0,0,0,0,0,0,0,0,0,0,0,0,0,0,0,0,20,0,0,0,0,0,0,0,0,0,0,0,0,0,0,0,0,0,0,0,0,0,0,0,0,0
280,AAG,4,68,130887,139,0,48,40,15,34,12,6,0,0,0,1,0,0,0,0,0,0,0,0,0,0,0,0,18,0,2,0,17,0,0,7,0,0,0,0,0,0,0,0,0,0,0,0,0,0,0,0,0,7,41,243,1,0,0,0,0,0,0,0,0
281,TGT,0,0,0,0,0,0,0,0,0,0,0,0,0,0,0,0,0,0,0,0,0,0,0,0,0,0,0,1,0,0,0,0,0,0,0,0,0,0,0,0,0,0,0,0,0,0,0,0,0,0,0,7,0,0,0,0,1,26,0,131587,0,0,0,5
282,CAA,1,0,0,0,0,0,0,0,0,0,0,0,0,0,0,0,131506,0,15,0,0,0,0,0,29,0,0,0,0,0,0,0,1,0,0,0,0,0,0,0,0,0,0,0,0,5,0,0,6,0,0,0,0,0,0,0,0,0,0,0,0,0,0,0
283,ACA,0,0,0,0,131609,5,5,0,0,0,0,0,7,0,0,0,0,0,0,0,3,0,0,0,0,0,0,0,0,0,0,0,0,0,0,0,18,0,0,0,0,0,0,0,0,0,0,0,0,0,0,0,1,0,0,0,0,0,0,0,0,0,0,0
284,CCC,0,0,0,0,0,2,0,0,0,0,0,0,0,0,0,0,0,1,0,0,22,131618,0,2,0,1,0,0,0,5,0,0,0,0,0,0,0,0,0,0,0,0,0,0,0,0,0,0,0,0,0,0,0,4,0,0,0,0,0,0,0,0,0,0
285,CAG,0,0,2,0,0,0,7,6,41,8,0,0,0,0,0,0,117,1,131036,5,0,0,162,16,0,0,29,0,0,0,1,0,0,0,0,148,0,0,0,0,0,0,0,0,0,0,0,0,0,0,51,2,0,0,0,0,0,0,6,0,0,0,0,0
286,GGA,0,0,0,0,0,0,0,0,5,0,0,0,0,0,0,0,0,0,0,0,0,0,0,0,0,0,0,0,0,0,0,0,0,0,0,0,0,0,0,0,131599,0,8,1,2,0,0,0,0,0,0,0,0,0,0,0,7,0,0,0,0,0,0,0
287,GCT,0,0,0,0,0,0,0,11,0,0,0,0,0,0,0,0,0,0,0,0,0,0,0,0,0,0,0,0,0,0,0,0,0,0,0,5,0,199,1,131427,0,0,0,2,0,0,0,13,0,0,0,0,0,0,0,2,0,0,0,0,0,0,0,0
288,ATA,2,0,0,0,8,0,0,0,0,0,0,0,131629,1,7,0,0,0,0,0,0,0,0,0,0,0,0,0,1,0,0,0,0,0,0,0,0,0,0,0,0,0,0,0,3,0,0,0,0,0,0,0,0,0,0,0,0,0,0,0,0,0,0,0
289,AAC,3,131465,2,98,0,4,0,0,0,2,0,0,0,1,0,0,0,1,0,0,3,0,0,0,0,0,0,0,0,0,27,0,34,7,0,0,0,0,0,0,0,0,0,0,0,0,0,0,0,1,0,0,0,0,0,0,0,0,0,0,0,0,0,0
290,AGC,0,25,0,0,0,1,0,0,1,131538,0,30,0,3,0,0,0,0,0,0,0,0,0,0,0,0,0,0,0,0,0,0,0,0,0,0,0,0,0,0,0,9,0,0,0,0,0,0,0,0,0,0,0,0,0,0,0,0,0,0,0,0,0,0
291,AAT,0,5,0,131592,0,0,0,0,0,0,0,21,0,0,0,0,0,0,0,1,0,0,0,0,0,0,0,0,0,0,0,0,0,0,0,8,0,0,0,0,0,0,0,0,0,0,0,0,0,0,0,0,0,0,0,11,0,0,0,0,0,0,0,0
292,CTC,0,0,0,0,0,0,0,0,0,0,0,0,0,2,0,0,0,1,0,0,0,21,0,0,0,0,0,0,2,131591,0,3,0,0,0,0,6,0,0,0,0,0,0,0,0,1,0,0,0,0,0,0,0,0,0,0,0,0,0,0,0,7,0,0
293,CCT,0,0,0,0,0,0,0,3,0,0,0,0,0,0,0,0,0,0,0,5,0,16,63,131548,0,0,0,0,0,0,0,2,0,0,0,0,0,0,0,0,0,0,0,0,0,0,0,0,0,0,0,0,0,0,0,12,0,0,0,0,0,0,0,0
294,TTC,0,0,0,0,0,0,0,0,0,0,0,0,0,4,0,0,0,0,0,0,0,0,0,0,0,0,0,0,0,1,0,0,0,0,0,0,0,0,0,0,0,0,0,0,0,1,0,0,0,0,0,0,0,12,0,0,0,0,0,0,3,131542,3,49
295,CAG,0,0,2,0,0,0,0,0,0,0,0,0,0,0,0,0,26,1,131491,4,0,0,0,0,0,0,32,0,0,0,0,0,0,0,2,0,0,0,0,0,0,0,0,0,0,0,0,0,0,0,2,0,0,0,0,0,0,0,0,0,0,0,0,0
296,AAT,3,6,1,131628,0,0,0,0,0,0,0,3,0,0,0,0,0,0,0,0,0,0,0,0,0,0,0,0,0,0,0,0,0,0,0,3,0,0,0,0,0,0,0,0,0,0,0,0,0,0,0,0,0,0,0,0,0,0,0,0,0,0,0,0
297,ATA,1,0,0,0,14,0,0,0,0,0,0,0,131557,0,24,0,0,0,0,0,0,0,0,0,0,0,0,0,1,0,0,0,0,0,0,0,0,0,0,0,0,0,0,0,9,0,0,0,0,0,0,0,0,0,0,0,0,0,0,0,4,0,0,0
298,CAC,0,1,0,0,2,0,0,0,0,22,0,0,0,0,0,0,0,131546,0,2,0,3,0,0,0,5,0,0,0,0,0,0,0,0,0,0,0,0,0,0,2,9,0,0,0,0,0,0,0,37,0,0,0,0,3,0,0,0,0,0,0,0,0,0
299,CCA,0,0,0,0,2,0,0,0,0,30,21,0,0,0,0,0,2,0,0,0,131549,0,8,1,2,0,0,0,2,0,0,0,0,0,0,0,0,0,0,0,0,0,0,0,0,0,0,0,0,0,0,0,27,0,0,0,0,0,0,0,0,0,0,0
300,GTC,0,0,0,0,0,0,0,0,0,1,0,0,0,2,0,0,59,0,0,0,0,0,0,0,0,0,0,0,0,0,0,0,0,0,0,0,0,28,0,0,0,0,0,0,35,131410,0,35,0,0,0,1,0,0,0,0,0,0,0,0,0,6,0,47
301,ACA,3,0,0,0,131432,98,28,1,2,0,0,21,4,0,0,0,0,0,0,0,0,0,0,0,0,0,0,0,0,0,0,0,0,0,0,0,3,0,0,0,0,0,0,0,0,0,16,0,0,0,0,0,1,0,0,0,0,0,0,0,0,0,0,0
302,ATA,1,0,0,0,5,0,0,0,1,0,0,0,131582,0,23,2,0,0,0,0,0,0,0,0,0,0,0,0,0,0,0,0,0,0,0,0,0,0,0,0,0,0,0,0,2,0,0,0,0,0,0,0,0,0,0,0,0,0,0,0,1,0,0,0
303,GGA,0,0,0,0,0,0,0,0,4,0,0,0,0,0,0,0,0,0,0,0,0,0,0,0,0,0,0,0,0,0,0,0,4,0,0,0,2,0,0,0,131555,6,27,1,1,0,0,0,0,0,0,0,0,0,0,0,9,0,0,0,0,0,0,0
304,GAG,0,0,4,0,0,0,0,0,0,0,0,0,0,0,0,0,0,0,1,0,0,0,0,0,0,0,0,0,0,0,0,0,140,0,131426,2,0,0,2,0,0,0,46,0,0,0,3,0,0,0,5,0,2,0,0,0,0,0,0,0,0,0,0,0
305,TGC,0,0,0,0,0,0,0,0,0,0,0,0,0,0,0,0,0,0,0,0,0,0,0,0,0,3,0,0,0,0,0,0,0,0,0,0,0,0,0,0,0,0,0,0,0,0,0,0,0,40,0,0,0,1,0,0,3,131441,41,49,0,2,0,10
306,CCA,0,0,0,0,2,0,0,0,0,0,0,0,0,0,0,0,3,0,0,0,131533,12,8,46,0,0,0,0,4,0,0,0,0,0,0,0,0,0,0,0,0,0,0,0,0,0,0,0,0,0,0,0,28,0,0,0,0,0,0,0,0,0,0,0
307,AAA,131403,1,3,2,1,0,0,0,66,0,0,0,143,0,0,0,0,0,1,0,0,0,0,0,0,0,0,0,0,0,0,0,3,0,0,0,0,0,0,0,0,0,0,0,0,0,0,0,0,0,0,0,0,0,0,0,0,0,0,0,0,0,0,0
308,TAT,0,0,0,6,0,0,0,0,0,0,0,0,0,0,0,0,0,0,0,9,0,0,0,0,0,0,0,0,0,0,0,0,0,0,0,0,0,0,0,0,0,0,0,0,0,0,0,0,0,3,5,131523,0,0,0,0,0,0,0,49,0,1,0,0
309,GTC,0,0,0,0,0,0,0,0,0,0,0,0,0,11,0,0,0,0,0,0,0,0,0,0,0,0,0,0,0,0,0,0,0,0,0,0,0,14,0,0,0,1,0,0,1,131530,0,23,0,0,0,0,0,0,0,0,0,0,0,0,0,6,0,0
310,AGG,0,0,2,0,0,0,0,0,5,0,131467,0,0,0,6,0,0,0,0,0,0,0,0,0,8,7,61,20,0,0,0,0,0,0,0,0,0,0,0,0,0,0,27,0,0,0,0,0,0,0,0,0,0,0,0,0,0,0,1,0,0,0,0,0
311,AGT,0,0,0,15,0,0,0,0,1,8,0,131552,0,0,0,1,0,0,0,0,0,0,0,0,0,0,0,0,0,0,0,0,0,0,0,0,0,0,0,0,0,0,0,3,0,0,0,0,0,0,0,0,0,0,0,0,0,0,0,0,0,0,0,0
312,ACC,0,1,0,0,69,131333,0,7,0,0,0,147,0,4,0,0,0,0,0,0,0,0,0,0,0,0,0,0,0,0,0,0,0,0,9,0,0,14,0,0,0,0,0,0,0,0,0,0,0,0,0,0,0,0,0,0,0,0,0,0,0,0,0,0
313,AAA,131538,0,5,0,0,0,0,0,3,0,0,0,0,0,0,0,0,0,0,0,0,0,0,0,0,0,0,0,0,0,0,0,13,0,0,0,0,0,0,0,0,0,0,0,0,0,0,0,0,0,0,0,0,0,0,0,0,0,0,0,0,0,0,0
314,TTG,0,0,0,0,0,0,0,0,0,0,0,0,0,0,3,0,0,0,0,0,0,0,0,0,0,0,0,0,0,0,24,0,0,0,0,0,0,0,0,0,0,0,0,0,0,0,0,0,0,0,0,0,0,0,4,0,0,0,1,0,6,0,131487,2
315,AGG,0,0,6,0,0,0,0,0,3,0,131476,3,0,0,8,0,0,0,0,0,0,0,0,0,0,0,31,0,0,0,0,0,0,0,0,0,0,0,0,0,0,0,26,0,0,0,0,0,0,0,0,0,0,0,0,0,0,0,1,0,0,0,0,0
316,ATG,0,0,0,0,0,0,2,0,0,0,1,0,8,0,131325,4,0,0,0,0,0,0,0,0,0,0,0,0,0,0,0,0,0,0,0,0,0,0,0,0,0,0,0,0,0,0,7,0,0,0,0,0,0,0,0,0,0,0,0,0,0,0,0,0
317,GTT,0,0,0,0,0,0,0,0,0,0,0,0,0,0,0,8,0,0,0,0,0,0,0,0,0,0,0,0,0,0,0,0,0,0,0,0,0,0,0,2,0,0,0,0,0,7,0,131445,0,0,0,0,0,0,0,0,0,0,0,0,0,0,0,3
318,ACA,3,0,0,0,131415,5,54,6,0,0,0,0,19,1,0,0,0,0,0,0,2,0,0,0,0,0,0,0,0,0,0,0,0,0,0,0,7,0,0,0,0,0,0,0,0,0,2,0,0,0,0,0,1,0,0,0,0,0,0,0,0,0,0,0
319,GGA,0,0,0,0,0,0,0,0,4,0,1,0,0,0,0,0,0,0,0,0,0,0,0,0,0,0,0,0,0,0,0,0,4,0,0,0,0,0,0,0,131437,0,7,2,0,0,0,0,0,0,0,0,0,0,0,0,5,0,0,0,0,0,0,0
320,CTA,0,0,0,0,0,0,0,1,0,0,0,0,8,0,28,0,0,0,0,0,7,0,0,83,0,0,0,0,131420,1,8,38,0,0,0,0,0,0,0,0,0,0,0,0,1,0,0,0,0,0,0,0,0,0,0,0,0,0,0,0,1,0,0,0
321,AGA,3,0,1,0,0,0,0,0,131491,2,3,0,4,0,0,0,0,0,0,0,0,0,0,0,2,0,0,0,0,0,0,0,1,0,0,0,0,0,0,0,7,0,0,0,0,0,0,0,0,0,0,0,0,0,0,0,1,0,0,0,0,0,0,0
322,AAC,19,131606,0,7,0,0,0,0,0,2,0,0,0,0,0,0,0,4,0,0,0,0,0,0,0,0,0,0,0,0,0,0,0,4,0,0,0,0,0,0,0,0,0,0,0,0,0,0,0,0,0,0,0,0,0,0,0,0,0,0,0,0,0,0
323,ATC,31,0,0,0,0,77,0,0,68,0,0,0,3,131109,0,4,0,0,2,0,0,0,0,0,0,289,0,57,0,0,0,0,0,0,0,0,0,0,0,0,0,0,0,0,0,3,0,0,0,0,0,0,0,0,0,0,0,0,0,0,0,0,0,0
324,CCA,0,0,0,0,5,0,0,0,0,0,0,0,0,0,0,0,4,0,0,0,131621,0,4,0,0,0,0,0,10,0,0,0,0,0,0,0,0,0,0,0,0,0,0,0,0,0,0,0,0,0,0,0,5,0,0,0,0,0,0,0,0,0,0,0
325,TCC,0,0,0,0,12,15,0,0,0,0,0,0,0,0,0,0,0,0,0,0,0,4,0,0,0,0,0,0,0,0,0,0,0,0,0,0,1,1,0,0,0,0,0,0,0,0,0,0,0,1,0,0,9,131592,0,7,0,0,0,0,0,4,0,0
326,ATT,10,0,0,0,0,0,0,2,0,0,0,1,0,65,0,131535,0,0,0,0,0,0,1,0,20,0,0,0,0,0,0,4,0,0,0,0,0,0,0,0,0,0,0,0,0,0,0,11,0,0,0,0,0,0,0,0,0,0,0,0,0,0,0,0
327,CAA,1,0,0,0,0,0,0,0,0,0,0,0,0,0,0,0,131606,2,4,2,2,0,0,0,12,0,0,0,1,0,0,0,0,0,0,0,0,0,0,8,0,0,0,0,0,0,0,0,3,0,0,0,0,0,0,0,0,0,0,0,0,0,0,0
327A,TAC,0,0,0,0,0,0,0,0,0,0,0,0,0,0,0,0,0,40,0,0,0,0,0,0,0,0,0,0,0,0,0,0,0,0,0,0,0,0,0,0,0,0,0,0,0,0,0,0,1,131524,0,0,0,0,0,0,0,13,0,0,0,1,0,0
328,AGA,176,0,1,0,0,0,0,0,131233,3,14,2,3,0,0,0,0,0,4,0,0,0,0,0,41,0,0,0,0,0,0,0,0,0,0,0,0,0,0,0,17,0,0,0,0,0,0,0,0,0,0,0,0,0,0,0,1,0,0,0,0,0,0,0
(HA2)1,GGT,0,0,0,0,0,0,0,0,0,0,3,7,0,0,0,0,0,0,0,0,0,0,0,0,0,0,0,0,0,0,0,0,0,0,0,2,0,0,0,0,0,28,1,131438,0,0,0,1,0,0,0,0,0,0,0,0,0,0,0,1,0,0,0,0
(HA2)2,CTA,0,0,0,0,0,0,0,0,0,0,0,0,1,0,0,188,0,0,0,0,16,0,0,0,0,0,0,0,131315,0,8,1,0,0,0,0,0,0,0,0,0,0,0,0,0,0,0,0,0,0,0,0,0,0,0,3,0,0,0,0,5,0,0,0
(HA2)3,TTT,0,0,0,0,0,0,0,0,0,0,0,0,0,0,0,3,0,0,0,0,0,0,0,0,0,0,0,0,0,0,0,5,0,0,0,0,0,0,0,0,0,0,0,0,0,0,0,2,0,0,0,0,0,0,0,2,0,0,0,0,1,17,1,131545
(HA2)4,GGA,0,0,0,0,0,0,0,0,0,0,0,0,0,0,0,0,0,0,0,0,0,0,0,0,27,0,0,0,0,0,0,0,2,0,0,0,0,0,0,0,131513,1,16,1,1,0,0,0,0,0,0,0,0,0,0,2,3,0,0,0,0,0,0,0
(HA2)5,GCC,0,0,0,0,0,9,0,0,0,0,0,0,0,0,0,0,0,0,0,0,0,0,0,0,0,0,0,0,0,0,0,0,0,1,0,0,9,131426,33,1,0,1,0,0,0,51,0,0,0,0,0,0,0,2,0,0,0,0,0,0,0,0,0,0
(HA2)6,ATT,0,0,0,0,0,0,0,8,0,0,0,0,19,6,0,131479,0,0,0,0,1,0,0,0,0,0,0,0,0,0,0,1,0,0,0,0,0,0,0,0,0,0,0,0,43,0,0,3,0,0,0,0,0,0,0,0,0,0,0,0,0,0,0,3
(HA2)7,GCT,0,0,0,0,0,0,0,31,0,0,0,0,0,0,0,0,0,0,0,0,0,0,0,0,0,0,0,0,0,0,0,0,0,0,0,4,1,15,1,131472,0,0,0,0,0,0,0,6,0,0,0,0,0,0,0,1,0,0,0,0,0,0,0,0
(HA2)8,GGT,0,0,0,0,0,0,0,0,0,0,0,3,0,0,0,0,0,0,0,0,0,0,0,0,0,0,0,0,0,0,0,0,0,0,0,8,0,0,0,0,0,23,18,131564,0,0,0,2,0,0,0,0,0,0,0,0,0,0,0,5,0,0,0,0
(HA2)9,TTT,0,0,0,0,0,0,0,0,0,0,0,0,0,0,0,0,0,0,0,0,0,0,0,0,0,0,0,0,0,0,0,1,0,0,0,0,0,0,0,0,0,0,0,0,0,0,0,0,0,0,0,0,0,0,0,1,0,0,0,0,0,13,0,131618
(HA2)10,ATT,0,0,0,0,0,0,0,4,0,0,0,1,40,10,25,131465,0,0,0,0,0,0,0,0,0,0,0,0,0,0,0,0,0,0,0,0,0,0,0,0,0,0,0,0,0,0,0,35,0,0,0,0,0,0,0,0,0,0,0,0,0,0,0,1
(HA2)11,GAG,0,0,2,0,0,0,0,0,0,0,0,0,0,0,0,0,0,0,0,0,0,0,0,0,0,0,0,0,0,0,0,0,8,0,131494,14,0,0,3,0,0,0,51,0,0,0,3,0,0,0,5,0,0,0,0,0,0,0,0,0,0,0,0,0
(HA2)12,GGG,0,0,0,0,0,0,0,0,0,0,3,0,0,0,0,0,0,0,0,0,0,0,0,0,0,0,0,0,0,0,0,0,0,0,6,0,0,0,0,0,72,48,131513,1,0,0,0,0,0,0,0,0,0,0,0,0,0,0,2,0,0,0,0,0
(HA2)13,GGA,0,0,0,0,0,0,0,0,10,0,0,0,0,0,0,0,0,0,0,0,0,0,0,0,0,0,0,0,0,0,0,0,16,0,0,0,0,0,0,0,131288,0,306,0,0,0,0,0,0,0,0,0,0,0,0,0,1,0,0,0,0,0,0,0
(HA2)14,TGG,0,0,0,0,0,0,0,0,0,0,0,0,0,0,0,0,0,0,0,0,0,0,0,0,0,0,8,0,0,0,0,0,0,0,0,0,0,0,0,0,0,0,0,0,0,0,0,0,0,0,16,0,0,0,0,0,5,0,131525,9,0,0,8,0
(HA2)15,ACT,0,0,0,2,1,156,0,131288,0,0,0,24,0,48,0,1,0,0,0,0,0,0,0,0,0,0,0,0,0,0,0,0,0,0,0,0,0,1,0,11,0,0,0,0,0,0,0,0,0,0,0,0,0,0,0,0,0,0,0,0,0,0,0,0
(HA2)16,GGA,0,0,0,0,0,0,0,0,10,0,0,0,0,0,0,0,0,0,0,0,0,0,0,0,0,0,0,0,0,0,0,0,33,0,0,0,0,0,0,0,131494,0,12,0,1,0,0,0,0,0,0,0,0,0,0,0,2,0,0,0,0,0,0,0
(HA2)17,ATG,0,0,0,0,0,0,2,0,0,0,1,0,3,0,131385,1,0,0,0,0,0,0,0,0,0,0,0,0,0,44,8,80,0,0,0,0,0,0,0,0,0,0,0,0,0,0,7,0,0,0,0,0,0,0,0,0,0,0,0,0,24,0,6,0
(HA2)18,ATA,123,0,3,0,3,0,0,0,0,0,0,0,131354,13,31,1,0,0,0,0,0,0,0,0,0,0,0,0,0,1,0,0,0,0,0,0,0,0,0,0,0,0,0,0,5,0,0,0,0,0,0,0,0,0,0,0,0,0,0,0,0,0,7,0
(HA2)19,GAT,0,0,0,3,0,0,0,0,0,0,0,0,0,0,0,0,0,0,0,0,0,0,0,0,0,0,0,0,0,0,0,0,0,3,0,131562,0,0,0,0,0,0,0,7,0,0,0,2,0,0,0,3,0,0,0,0,0,0,0,0,0,0,0,0
(HA2)20,GGA,0,0,0,0,0,0,0,0,49,0,0,0,0,0,0,0,0,0,0,0,0,0,0,0,0,0,0,0,0,0,0,0,1,0,0,0,0,0,0,0,131560,1,14,0,1,0,0,0,0,0,0,0,0,0,0,0,1,0,0,0,0,0,0,0
(HA2)21,TGG,0,0,0,0,0,0,0,0,0,0,2,0,0,0,0,0,0,0,0,0,0,0,0,0,0,0,3,0,0,0,0,0,0,0,0,0,0,0,0,0,0,0,0,0,0,0,0,0,0,28,9,0,0,0,0,0,8,2,131492,1,0,0,4,0
(HA2)22,TAT,0,0,0,0,0,0,0,0,0,0,0,0,0,0,0,0,0,0,0,19,0,0,0,0,0,0,0,0,0,0,0,0,0,0,0,0,0,0,0,0,0,0,0,0,0,0,0,0,1,6,0,131578,0,0,0,1,0,0,0,10,0,0,0,0
(HA2)23,GGT,0,0,0,0,0,0,0,0,0,0,0,14,0,0,0,0,0,0,0,0,0,0,0,0,0,0,0,0,0,0,0,0,0,0,0,5,0,0,0,0,2,1,0,131598,0,0,0,3,0,0,0,0,0,0,0,0,0,0,0,2,0,0,0,0
(HA2)24,TAT,0,0,0,0,0,0,0,0,0,0,0,0,0,0,0,0,0,0,0,25,0,0,0,0,0,0,0,0,0,0,0,0,0,0,0,0,0,0,0,0,0,0,0,0,0,0,0,0,1,10,0,131565,0,0,0,2,0,0,0,8,0,0,0,0
(HA2)25,CAT,0,0,0,0,0,0,0,0,0,0,0,0,0,0,0,0,0,11,0,131423,0,0,0,0,11,0,0,11,0,0,0,0,0,0,0,0,0,0,0,0,0,0,0,0,0,0,0,0,0,0,0,12,0,0,0,0,0,0,0,0,0,0,0,53
(HA2)26,CAT,0,0,0,2,0,0,0,0,0,0,0,0,0,0,0,0,1,3,0,131625,0,0,0,1,0,0,0,5,0,0,0,0,0,0,0,1,0,0,0,0,0,0,0,0,0,0,0,0,0,0,0,3,0,0,0,0,0,0,0,0,0,0,0,0
(HA2)27,CAG,0,31,1,0,0,0,0,0,0,0,0,0,2,0,0,0,6,0,131416,1,0,0,0,0,0,0,23,0,0,0,0,0,0,0,0,0,0,0,0,0,0,0,0,0,0,0,0,0,0,0,13,0,60,24,0,0,0,0,0,0,5,0,0,0
(HA2)28,AAT,1,4,0,131608,0,0,0,0,0,0,0,2,0,0,0,0,0,0,0,2,0,0,0,0,0,0,0,0,0,0,0,0,0,0,0,10,0,0,0,0,0,0,0,0,0,0,0,0,0,0,0,0,0,0,0,0,0,0,0,0,0,0,0,0
(HA2)29,GAA,3,0,0,0,0,0,0,0,0,0,0,0,0,0,0,0,0,0,0,0,0,0,0,0,0,0,0,0,0,0,0,0,131581,0,5,0,0,0,0,0,6,0,0,39,2,0,0,0,2,0,0,0,0,0,0,0,0,0,0,0,0,0,0,0
(HA2)30,CAG,0,0,4,0,0,0,0,0,0,0,0,0,0,0,0,0,1,0,131540,6,0,0,0,0,0,0,28,0,0,0,2,0,0,0,1,0,0,0,0,1,0,0,0,0,0,0,0,0,0,0,24,0,0,0,0,0,0,0,0,0,0,0,0,0
(HA2)31,GGA,0,0,0,0,0,0,0,0,5,0,0,0,0,0,0,0,0,0,0,0,0,0,0,0,0,0,0,0,0,0,0,0,21,0,0,0,0,0,0,0,131338,0,103,104,1,0,0,0,0,0,0,0,0,0,0,0,2,0,0,0,0,0,0,0
(HA2)32,TCA,0,0,0,0,1,0,0,0,0,0,0,0,0,0,0,0,0,0,0,0,4,0,0,0,0,0,0,0,0,0,0,0,0,0,0,0,2,0,0,0,0,0,0,0,0,0,0,0,4,0,0,0,131520,5,84,2,3,0,0,0,13,0,0,0
(HA2)33,GGC,0,0,0,0,0,0,0,0,0,0,0,0,0,0,0,0,0,0,0,0,0,0,0,0,0,0,0,0,0,0,0,2,0,13,0,0,0,2,0,0,3,131503,0,5,0,2,0,0,0,0,0,0,0,0,0,0,0,3,0,0,0,0,0,0
(HA2)34,TAT,0,0,0,0,0,0,0,0,0,0,0,0,0,0,0,0,0,0,0,9,0,0,0,0,0,0,0,0,0,0,0,0,0,0,0,0,0,0,0,0,0,0,0,0,0,0,0,0,0,89,1,131476,0,0,0,0,0,0,0,5,0,0,0,3
(HA2)35,GCA,0,0,0,0,15,0,0,0,0,0,0,0,0,0,0,0,0,0,0,0,0,0,0,0,0,0,0,0,0,0,0,0,2,0,0,0,131338,2,23,6,0,0,0,0,85,0,0,0,0,0,0,0,3,0,0,0,0,109,0,0,0,0,0,0
(HA2)36,GCG,0,0,0,0,0,0,5,0,0,0,0,0,0,0,0,0,0,0,0,0,0,0,1,0,0,0,0,0,0,0,0,0,0,0,2,0,7,1,131524,4,0,0,0,0,0,0,41,0,0,0,0,0,0,0,1,0,0,0,0,0,0,0,0,0
(HA2)37,GAT,0,0,0,9,0,0,0,0,0,0,0,0,0,0,0,0,0,0,0,1,0,0,0,0,0,0,0,0,0,0,0,0,0,12,0,131435,0,0,0,0,0,0,0,14,0,1,0,0,0,0,0,4,0,0,0,0,0,0,0,0,0,0,0,0
(HA2)38,CAA,16,0,0,0,0,0,0,0,0,0,0,0,0,0,0,1,122119,2,143,5,0,0,0,0,18,0,4,0,0,31,0,0,0,0,0,0,0,0,0,0,0,0,0,0,0,0,25,0,4,0,0,0,0,0,0,0,0,0,0,0,19,0,0,0
(HA2)39,AAA,122286,0,3,0,0,0,0,0,1,0,0,0,0,0,0,0,4,0,0,0,0,1,0,0,0,0,0,0,0,0,0,0,10,0,0,0,0,0,0,0,0,0,0,0,0,0,39,0,1,0,0,0,0,0,0,0,0,0,0,0,0,0,0,0
(HA2)40,AGC,0,39,0,0,0,0,0,0,3,122237,0,23,0,2,0,0,0,0,0,0,0,0,0,0,0,1,0,0,0,0,0,0,0,0,0,0,0,0,0,0,0,31,0,0,0,0,0,0,0,0,0,0,0,0,0,20,0,1,0,0,0,0,0,0
(HA2)41,ACA,0,0,0,0,122260,1,7,0,0,0,0,0,4,0,0,0,0,0,0,0,0,0,0,0,0,0,0,0,0,0,0,0,0,0,0,0,6,0,0,0,0,0,0,0,0,0,0,0,0,0,0,0,0,0,0,0,0,0,0,0,0,0,0,0
(HA2)42,CAA,2,0,0,0,0,0,0,0,0,0,0,0,0,0,0,0,122177,0,4,1,3,0,0,0,6,0,0,0,0,0,0,0,1,0,0,0,0,0,0,0,0,0,0,0,0,0,0,0,6,0,0,0,0,0,0,0,0,0,0,0,0,0,0,0
(HA2)43,AAT,86,0,0,122105,0,0,0,2,0,9,33,2,0,0,0,3,0,0,21,18,0,0,0,0,0,0,0,0,0,0,25,0,0,0,39,6,0,0,0,0,0,0,0,0,0,0,0,0,0,0,0,1,0,0,0,53,0,0,0,0,0,0,0,1
(HA2)44,GCC,0,0,0,0,0,12,0,0,0,0,0,0,0,0,0,0,0,0,0,0,0,0,0,0,0,0,0,0,0,0,0,0,0,2,0,0,0,122069,109,3,0,0,0,0,0,35,0,0,0,0,0,0,0,3,0,0,0,0,0,0,0,0,0,0
(HA2)45,ATT,0,0,0,0,0,0,0,6,0,0,0,0,1,26,0,122385,0,0,0,0,0,0,0,0,0,0,0,0,0,0,0,1,0,0,0,0,0,0,0,0,0,0,0,0,0,0,0,2,0,2,0,0,0,0,0,0,0,0,0,0,0,0,0,1
(HA2)46,AAC,4,122107,0,19,43,0,0,0,0,3,0,0,0,0,0,0,28,9,0,0,0,0,0,0,0,0,0,2,0,0,0,0,0,6,0,0,0,0,0,0,0,0,0,0,0,0,0,0,0,0,0,0,0,0,0,0,0,0,0,0,0,0,0,0
(HA2)47,GGG,91,0,0,0,0,1,0,0,21,68,43,0,2,0,0,0,0,0,3,0,0,0,0,0,0,115,133,62,0,0,180,7,0,0,9,0,0,0,74,0,73,0,120953,2,48,0,2,38,0,0,0,0,1,0,61,1,0,0,7,95,0,0,0,0
(HA2)48,ATT,0,0,0,0,0,0,0,0,0,0,0,0,82,8,1,122104,0,0,0,0,0,0,0,0,0,0,0,0,0,0,0,1,0,0,0,0,0,0,0,0,0,0,0,0,0,0,0,7,0,0,0,0,0,0,0,0,0,0,0,0,0,0,0,1
(HA2)49,ACA,0,0,0,0,122173,0,19,1,1,0,0,0,8,0,0,0,0,0,0,0,1,0,0,0,0,0,0,0,0,0,0,0,2,0,0,0,19,0,0,0,0,0,0,0,0,0,0,0,0,0,0,0,1,0,0,0,0,0,0,0,0,0,0,0
(HA2)50,AAC,2,122322,0,20,0,8,0,34,0,7,0,0,0,3,0,0,0,0,0,0,0,0,0,0,0,0,0,0,0,0,0,0,0,23,0,0,0,0,0,0,0,0,0,0,0,0,0,0,0,0,0,0,0,0,0,0,0,0,0,0,0,0,0,0
(HA2)51,AAG,42,0,122237,12,0,0,1,0,0,0,5,0,0,0,0,0,0,0,0,0,0,0,0,0,0,0,0,0,0,0,0,0,0,0,6,0,0,0,0,0,0,0,0,0,0,0,0,0,0,0,2,0,0,0,0,0,0,0,0,0,0,0,0,0
(HA2)52,GTG,0,0,0,0,0,0,0,0,0,0,0,0,0,1,5,25,0,0,0,0,0,0,0,0,0,0,0,0,0,0,0,0,0,0,0,0,0,0,6,0,0,0,0,0,5,0,122222,20,0,0,0,0,0,0,0,0,0,0,0,0,0,0,0,0
(HA2)53,AAC,2,122397,0,3,0,0,0,0,0,5,0,0,0,0,0,0,0,0,0,0,0,0,0,0,0,0,0,0,0,0,0,0,0,7,0,0,0,0,0,0,0,0,0,0,0,0,0,0,0,0,0,0,0,0,0,0,0,0,0,0,0,0,0,0
(HA2)54,TCT,0,0,0,0,0,0,0,0,0,0,0,0,0,0,0,0,0,0,6,0,0,0,0,5,0,0,0,0,0,0,0,0,0,0,0,0,0,0,0,1,0,0,0,0,0,0,0,0,0,0,0,5,3,30,0,122310,0,0,0,0,0,0,0,2
(HA2)55,GTT,0,0,0,0,0,0,0,0,0,0,0,0,0,0,0,2,0,0,0,0,0,0,0,0,0,0,0,0,0,0,0,0,0,0,0,1,0,0,0,6,0,0,0,0,21,1,0,120128,0,0,0,0,0,0,0,0,0,0,0,0,0,0,0,1
(HA2)56,ATC,0,0,0,0,0,3,0,0,0,1,0,0,6,122201,1,98,0,0,0,0,0,0,0,0,0,0,0,0,0,1,0,0,0,0,0,0,0,0,0,0,0,0,0,0,0,7,0,0,0,0,0,0,0,0,0,0,0,0,0,0,0,0,0,0
(HA2)57,GAG,0,0,12,0,0,0,0,0,0,0,0,0,0,0,0,0,0,0,1,0,0,0,0,0,0,0,0,0,0,0,0,0,5,1,120063,0,0,0,1,0,0,0,20,0,0,0,1,0,0,0,0,0,0,0,0,0,0,0,0,0,0,0,0,0
(HA2)58,AAA,121989,1,55,0,1,0,0,0,2,0,94,0,0,0,0,0,0,0,0,0,0,0,0,0,0,0,0,40,0,0,0,0,5,0,0,0,0,0,0,0,0,0,0,0,0,0,0,0,0,0,0,0,0,0,0,0,0,0,0,0,0,0,0,0
(HA2)59,ATG,0,0,1,0,0,0,2,0,0,0,0,0,2,0,122292,12,0,0,0,0,0,0,0,0,0,0,0,0,0,0,0,0,0,0,0,0,0,0,0,0,0,0,0,0,0,0,1,0,0,0,0,0,0,0,0,0,0,0,0,0,0,0,0,0
(HA2)60,AAC,2,121744,0,5,0,0,1,0,0,4,0,0,0,0,0,0,0,1,0,0,0,0,0,0,0,0,0,0,0,0,0,0,0,7,0,0,0,0,0,0,0,0,0,0,0,0,0,0,0,0,0,0,0,0,0,0,0,0,0,0,0,0,0,0
(HA2)61,ACT,0,1,0,4,0,20,0,121688,0,0,0,0,0,0,0,5,0,0,0,0,0,0,0,0,0,0,0,0,0,0,0,0,0,0,0,0,0,0,0,3,40,0,0,67,3,0,0,0,0,0,0,0,0,0,0,0,0,0,0,0,0,0,0,0
(HA2)62,CAA,5,0,15,0,0,0,0,0,0,0,0,0,0,0,0,0,121799,0,17,0,0,0,0,0,22,0,0,0,0,0,0,0,0,0,0,0,20,0,0,103,0,0,0,1,0,0,0,0,2,0,0,0,0,0,0,0,0,0,0,0,0,0,0,0
(HA2)63,TTC,0,0,0,0,0,0,0,0,0,0,0,0,0,0,0,0,0,0,0,0,0,0,0,0,0,0,0,0,0,1,0,0,0,0,0,0,0,0,0,0,0,0,0,0,0,2,0,0,0,0,0,0,0,3,0,0,0,1,0,0,2,122167,0,6
(HA2)64,ACA,1,0,1,0,121942,3,30,4,1,0,0,0,16,0,0,0,0,0,0,0,3,0,0,0,0,0,0,0,0,0,0,0,0,0,0,0,5,0,0,0,0,0,0,0,0,0,0,0,0,0,0,0,0,0,0,0,0,0,0,0,0,0,0,0
(HA2)65,GCT,0,0,0,0,0,0,0,2,0,0,0,5,0,0,0,0,0,0,0,0,0,0,0,0,0,0,0,0,0,0,0,0,0,0,0,1,42,28,69,121603,0,0,0,0,0,0,9,3,0,0,0,0,24,0,0,4,0,0,0,0,0,0,0,21
(HA2)66,GTG,0,0,0,0,0,0,0,0,0,0,0,0,0,0,3,0,0,0,0,0,0,0,0,0,0,0,0,0,0,0,0,0,0,0,0,0,0,0,1,0,0,0,18,0,1,0,121125,25,0,0,0,0,0,0,0,0,0,0,0,0,0,0,23,0
(HA2)67,GGT,0,0,0,0,0,0,0,0,0,0,0,5,0,0,0,0,0,0,0,0,0,0,0,0,0,0,0,0,0,0,0,0,0,0,0,8,0,0,0,0,32,11,1,121904,0,0,0,5,0,0,0,0,0,0,0,0,0,0,0,2,0,0,0,0
(HA2)68,AAA,122327,3,18,0,1,0,0,0,8,0,0,0,1,0,0,0,0,0,0,0,0,0,0,0,0,0,0,0,0,0,0,0,7,0,0,0,0,0,0,0,0,0,0,0,0,0,0,0,0,0,0,0,0,0,0,0,0,0,0,0,0,0,0,0
(HA2)69,GAA,19,0,0,0,0,0,0,0,0,0,0,43,0,0,0,0,0,0,0,1,0,0,0,0,0,0,0,0,0,0,0,0,121763,2,6,0,41,0,52,0,5,0,0,0,0,0,0,0,3,0,0,0,0,0,0,0,0,0,0,0,0,0,0,0
(HA2)70,TTC,0,0,0,0,0,0,0,0,0,0,0,0,0,0,0,0,0,0,0,0,0,0,0,0,0,0,0,0,0,0,0,0,0,0,0,0,0,0,0,0,0,0,0,0,0,0,0,0,0,1,0,0,0,5,0,0,0,0,0,0,2,122234,0,3
(HA2)71,AAC,0,122150,0,2,0,0,0,0,0,8,0,0,0,0,0,0,0,2,0,0,0,0,0,0,0,0,0,0,0,0,0,0,0,19,0,0,0,0,0,0,0,1,0,32,0,0,0,0,0,0,0,0,0,0,0,0,0,0,0,0,0,0,0,0
(HA2)72,AAC,0,122128,0,51,0,0,0,0,0,3,0,0,0,64,0,0,0,0,0,0,0,0,0,0,0,0,0,0,0,0,0,0,0,7,0,0,0,0,0,0,0,0,0,0,0,0,0,0,0,0,0,0,1,54,0,0,0,0,0,0,0,0,0,2
(HA2)73,TTA,0,0,0,0,0,0,0,0,0,0,0,0,1,0,0,0,0,0,0,0,0,0,0,0,0,0,0,0,6,0,0,0,0,0,0,0,0,0,0,0,0,0,0,0,0,0,0,0,1,0,0,0,12,0,0,0,0,0,0,0,121813,1,7,1
(HA2)74,GAA,7,0,0,0,0,0,0,0,0,0,0,0,0,0,0,0,0,0,0,0,0,0,0,0,0,0,0,0,0,0,0,0,122310,0,4,0,0,0,0,0,5,0,0,0,0,0,0,0,0,0,0,0,0,0,0,0,0,0,0,0,0,0,0,0
(HA2)75,AAA,122269,2,5,0,0,0,0,0,20,0,0,0,0,0,0,0,0,0,0,0,0,0,0,0,0,0,0,0,0,0,0,0,3,0,0,0,0,0,0,0,0,0,0,0,0,0,0,0,0,0,0,0,0,0,0,0,0,0,0,0,0,0,0,0
(HA2)76,AGG,1,0,23,0,0,0,0,0,6,0,120239,0,0,0,16,0,0,0,0,0,0,0,0,0,0,0,78,0,0,0,0,0,0,0,0,0,0,0,0,0,0,0,91,0,0,0,0,0,0,0,0,0,0,0,0,0,0,0,1,0,0,0,0,0
(HA2)77,ATG,1,0,1,0,0,0,3,0,0,0,0,0,2,0,120280,1,0,0,0,0,0,0,0,0,0,0,0,0,0,0,0,0,0,0,0,0,0,0,0,0,0,0,0,0,0,0,5,0,0,0,0,0,0,0,0,0,0,0,0,0,0,0,0,0
(HA2)78,GAA,28,0,0,0,0,0,0,0,0,0,0,0,0,0,0,0,0,0,0,0,0,0,0,0,0,0,0,0,0,0,0,0,122069,0,2,0,0,0,0,0,7,0,0,0,0,0,0,0,1,0,0,0,0,0,0,0,0,0,0,0,0,0,0,0
(HA2)79,AAT,0,2,3,122011,0,0,0,0,0,0,0,1,0,0,0,1,0,0,0,0,0,0,0,0,0,0,0,0,0,0,0,0,0,0,0,6,0,0,10,0,0,0,0,0,0,0,0,0,0,0,0,0,0,0,0,0,0,0,0,0,0,0,0,0
(HA2)80,TTA,0,0,0,0,0,0,0,0,0,0,0,0,1,0,0,0,0,0,0,0,0,0,0,0,0,0,0,0,1,0,0,0,0,0,0,0,0,0,0,0,0,0,0,0,0,0,0,0,1,0,0,0,9,0,0,0,0,0,0,0,121599,0,4,0
(HA2)81,AAT,0,0,0,122084,0,0,0,0,0,0,0,0,0,0,0,0,0,0,0,0,0,0,0,0,0,0,0,0,0,0,0,0,0,0,0,1,0,0,0,0,0,0,0,0,0,0,0,0,0,0,0,0,0,0,0,0,0,0,0,0,0,0,0,0
(HA2)82,AAA,122317,1,4,1,46,0,0,0,2,0,0,0,2,0,0,0,0,0,0,0,0,0,0,0,0,0,0,0,0,0,0,0,5,0,0,0,0,0,0,0,0,0,0,0,0,0,0,0,0,0,0,0,0,0,0,0,0,0,0,0,0,0,0,0
(HA2)83,AAA,122180,0,45,1,0,0,0,0,4,0,0,0,0,0,0,0,0,0,0,0,0,0,0,0,0,0,0,0,0,0,0,0,4,0,0,0,0,0,0,0,0,0,0,0,0,0,0,0,0,0,0,0,0,0,0,0,0,0,0,0,0,0,0,0
(HA2)84,GTT,1,0,0,0,0,0,0,0,0,0,0,0,0,0,0,3,0,0,0,0,0,0,0,0,0,0,0,0,0,0,0,0,0,0,0,0,0,0,0,2,0,0,0,0,1,4,1,120378,0,0,0,0,0,0,0,0,0,0,0,0,0,0,0,0
(HA2)85,GAT,1,0,0,2,0,0,0,0,0,0,0,0,0,0,0,0,0,0,0,0,0,0,0,0,0,0,0,0,0,0,0,0,1,2,1,121082,0,0,0,0,0,0,0,9,0,0,0,0,0,0,0,1,0,0,0,0,0,0,0,0,0,0,0,0
(HA2)86,GAT,0,0,0,3,0,0,0,0,0,0,0,0,0,0,0,0,0,0,0,0,0,0,0,0,0,0,0,0,0,0,0,0,0,54,0,121704,0,0,0,0,0,0,0,18,0,0,0,0,0,0,0,1,0,0,0,0,0,0,0,0,0,0,0,0
(HA2)87,GGG,0,0,0,0,0,0,0,0,0,0,0,0,0,0,0,0,0,0,0,0,0,0,0,0,0,0,1,0,0,0,0,0,0,0,4,0,0,0,0,0,7,0,122523,2,0,0,3,0,0,0,0,0,0,0,0,0,0,0,1,0,0,0,0,0
(HA2)88,TTT,0,0,0,0,0,0,0,0,0,0,0,0,0,0,0,1,0,0,0,0,0,0,0,0,0,0,0,0,0,0,0,1,0,0,0,0,0,0,0,0,0,0,0,0,0,0,0,3,0,0,0,0,0,0,0,3,0,0,0,0,0,3,2,122528
(HA2)89,CTG,0,0,0,0,0,0,0,0,0,0,0,0,0,0,0,0,0,0,1,0,0,0,25,0,0,0,2,0,47,0,122415,2,0,0,0,0,0,0,0,0,0,0,0,0,0,0,0,0,0,0,0,0,0,0,0,0,0,0,0,0,0,0,4,0
(HA2)90,GAC,0,3,0,0,0,0,0,0,0,0,0,0,0,0,0,0,0,0,0,0,0,0,0,0,0,0,0,0,0,0,0,0,5,122481,0,5,0,0,0,0,0,19,0,0,0,0,0,0,0,3,0,0,0,0,0,0,0,0,0,0,0,0,0,0
(HA2)91,ATT,0,0,0,0,0,0,0,2,0,0,0,1,0,9,0,122572,0,0,0,0,0,0,0,0,0,0,0,0,0,0,0,0,0,0,0,0,0,0,0,0,0,0,0,0,0,0,0,1,0,0,0,0,0,0,0,0,0,0,0,0,0,0,0,2
(HA2)92,TGG,0,0,0,0,0,0,0,0,0,0,1,0,0,0,0,0,0,0,0,0,0,0,0,0,0,0,18,0,0,0,0,0,0,0,0,0,0,0,0,0,0,0,0,0,0,0,0,0,0,0,2,0,0,0,1,0,2,0,122476,3,0,0,3,0
(HA2)93,ACA,2,0,0,0,122446,0,3,0,1,0,0,0,3,0,0,0,0,0,0,0,0,0,0,0,0,0,0,0,0,0,0,0,0,0,0,0,25,0,0,0,0,0,0,0,0,0,0,0,0,0,0,0,0,0,0,0,0,0,0,0,0,0,0,0
(HA2)94,TAT,0,0,0,1,0,0,0,0,0,0,0,0,0,0,0,0,0,0,0,20,0,0,0,0,0,0,0,0,0,0,0,0,0,0,0,0,0,0,0,0,0,0,0,0,0,0,0,0,1,57,0,122501,0,0,0,0,0,0,0,14,0,0,0,0
(HA2)95,AAT,0,1,0,121657,0,0,0,2,0,0,0,2,0,0,0,0,0,0,30,0,0,0,0,0,0,0,0,0,0,0,0,0,0,0,0,12,0,0,0,0,0,0,0,0,0,0,0,0,0,0,0,1,0,0,0,0,0,0,0,0,0,0,0,0
(HA2)96,GCA,0,0,0,0,12,0,0,0,0,0,0,0,0,0,0,0,0,0,0,0,1,0,0,0,0,0,0,0,0,0,0,0,0,0,0,0,121296,1,6,27,0,0,0,0,14,0,0,0,0,0,0,0,2,0,0,0,0,0,0,0,0,0,0,0
(HA2)97,GAA,3,0,0,0,0,0,0,0,0,0,0,0,0,0,0,0,0,0,0,0,0,0,0,0,0,0,0,0,0,0,0,0,121597,0,2,1,0,0,0,0,1,0,0,0,0,0,0,0,0,0,0,0,0,0,0,0,0,0,0,0,0,0,0,0
(HA2)98,TTG,0,0,0,0,0,0,0,0,0,0,0,0,0,0,0,0,0,0,0,0,0,0,0,0,0,0,0,0,0,0,52,0,0,0,0,0,0,0,0,0,0,0,0,0,0,0,0,0,0,0,0,0,0,0,7,0,0,0,1,0,69,0,121919,2
(HA2)99,TTA,0,0,0,0,0,0,0,0,0,0,0,0,0,0,0,0,0,0,0,0,0,0,0,0,0,0,0,0,13,0,0,0,0,0,0,0,0,0,0,0,0,0,0,0,0,0,0,0,1,0,0,0,14,0,0,0,0,0,0,0,119509,0,20,0
(HA2)100,GTT,0,0,0,0,0,0,0,0,0,0,0,0,0,0,0,6,0,0,0,0,0,0,0,0,0,0,0,0,0,0,0,0,0,0,0,0,0,0,0,3,0,0,0,0,0,4,0,121866,0,0,0,0,0,0,0,0,0,0,0,0,0,0,0,4
(HA2)101,CTA,0,0,0,0,0,0,0,0,0,0,0,0,3,0,0,0,0,0,0,0,6,0,0,0,0,0,0,0,122164,0,11,9,0,0,0,0,0,0,0,0,0,0,0,0,0,0,0,0,0,0,0,0,0,0,0,0,0,0,0,0,3,0,0,0
(HA2)102,CTG,0,0,0,0,0,0,0,0,0,0,0,0,0,0,4,0,0,0,2,0,0,0,26,0,0,0,1,0,8,0,122057,2,0,0,0,0,0,0,0,0,0,0,0,0,0,0,0,0,0,0,0,0,0,0,0,0,0,0,0,0,0,1,4,0
(HA2)103,GAA,4,0,0,0,0,0,0,0,0,0,0,0,0,0,0,0,1,0,0,0,0,0,0,0,0,0,0,0,0,0,0,0,122442,0,3,0,0,0,0,0,6,0,0,0,1,0,0,0,2,0,0,0,0,0,0,0,0,0,0,0,0,0,0,0
(HA2)104,AAT,2,7,0,122311,0,0,0,0,0,0,0,3,0,0,0,0,0,0,0,0,0,0,0,0,0,0,0,0,0,0,0,0,0,0,0,2,0,0,0,0,0,0,0,0,0,0,0,0,0,0,0,0,0,0,0,0,0,0,0,0,0,0,0,0
(HA2)105,GAA,1,0,0,0,0,0,0,0,0,0,0,0,0,0,0,0,0,0,0,0,0,0,0,0,0,0,0,0,0,0,0,0,122180,0,8,0,2,0,0,0,9,0,0,0,0,0,0,0,2,0,0,0,0,0,0,0,0,0,0,0,0,0,0,0
(HA2)106,AGG,0,0,19,0,0,0,0,0,4,0,122123,1,0,0,6,0,0,0,0,0,0,0,0,0,0,0,7,0,0,0,0,0,0,0,0,0,0,0,0,0,0,0,21,0,0,0,0,0,0,0,0,0,0,0,0,0,0,0,2,0,0,0,0,0
(HA2)107,ACT,0,0,0,1,1,22,0,122222,0,0,0,0,0,0,0,1,0,0,0,0,0,0,0,0,0,0,0,0,0,0,0,0,0,0,0,0,0,0,0,5,0,0,0,0,0,0,0,0,0,0,0,0,0,0,0,0,0,0,0,0,0,0,0,0
(HA2)108,TTG,0,0,0,0,0,0,0,0,0,0,0,0,0,0,0,0,0,0,0,0,0,0,0,0,0,0,0,0,0,0,6,0,0,0,0,0,0,0,0,0,0,0,0,0,0,0,0,0,0,0,0,0,0,0,14,0,0,0,0,0,2,0,120902,0
(HA2)109,GAT,0,0,0,6,0,0,0,0,0,0,0,0,0,0,0,0,0,0,0,0,0,0,0,0,0,0,0,0,0,0,0,0,1,3,45,121602,0,0,0,0,0,0,0,1,0,0,0,0,0,0,0,1,0,0,0,0,0,0,0,0,0,0,0,0
(HA2)110,TTC,0,0,0,0,0,0,0,0,0,0,0,0,0,1,0,0,0,0,0,0,0,0,0,0,0,0,0,0,0,2,0,0,0,0,0,0,0,0,0,0,0,0,0,0,0,0,0,0,0,2,0,0,0,56,0,0,0,0,0,0,4,121619,0,5
(HA2)111,CAT,0,0,0,7,0,0,0,0,0,0,0,0,0,0,0,0,4,6,0,121915,0,0,0,1,0,0,0,10,0,0,0,0,0,0,0,0,0,0,0,0,0,0,0,0,0,0,0,0,0,0,0,5,0,0,0,0,0,0,0,0,0,0,0,0
(HA2)112,GAC,0,4,0,0,0,0,0,0,0,0,0,0,0,0,0,0,0,1,0,0,0,0,0,0,0,0,0,0,0,0,0,0,4,121329,1,8,0,1,0,0,0,7,0,0,0,54,0,0,0,6,0,0,0,0,0,0,0,0,0,0,0,0,0,0
(HA2)113,TTA,0,0,0,0,0,12,0,0,0,0,0,0,0,0,0,0,0,0,0,0,0,0,0,0,11,0,3,0,2,0,0,0,0,0,0,0,0,0,0,0,0,0,0,0,2,0,0,0,1,0,0,0,10,0,0,0,0,0,0,0,122102,1,113,0
(HA2)114,AAT,2,4,0,122252,0,0,0,1,0,0,0,2,0,0,0,0,0,0,0,0,0,0,0,0,0,0,0,0,0,0,0,0,0,0,0,4,0,0,0,0,0,0,0,0,0,0,0,0,0,0,0,0,0,0,0,0,0,0,0,0,0,0,0,0
(HA2)115,GTG,0,0,0,0,0,0,0,0,0,0,0,0,0,0,2,0,0,0,0,0,0,0,0,0,0,0,0,0,0,0,0,0,0,0,0,0,0,0,9,0,0,0,0,0,2,0,121777,41,0,0,0,0,0,0,0,0,0,0,0,0,0,0,4,0
(HA2)116,AAG,4,1,122035,2,0,0,1,0,0,0,5,0,0,0,3,0,0,0,0,0,0,0,0,0,0,0,0,1,0,0,0,0,0,0,12,0,0,0,0,0,0,0,0,0,0,0,0,0,0,0,0,0,0,0,0,0,0,0,0,0,0,0,0,0
(HA2)117,AAT,0,28,0,122053,0,0,0,0,0,0,0,0,0,0,0,0,1,0,0,0,0,0,0,0,0,0,0,0,0,0,0,0,0,0,0,6,0,0,0,0,0,0,0,0,0,0,0,0,0,0,0,0,0,0,0,0,0,0,0,0,0,0,0,0
(HA2)118,CTG,0,0,0,0,0,0,0,0,0,0,0,0,0,0,4,0,0,0,0,0,0,0,6,0,0,0,1,0,28,1,122259,4,0,0,0,0,0,0,0,0,0,0,0,0,0,0,0,0,0,0,0,0,0,0,0,0,0,0,0,0,0,0,3,0
(HA2)119,TAC,0,0,0,0,0,0,0,0,0,0,0,0,0,0,0,0,0,8,0,0,0,0,0,0,0,0,0,0,0,0,0,0,0,0,0,0,0,0,0,0,0,0,0,0,0,0,0,0,4,115466,0,7,0,0,0,0,0,18,0,0,0,1,0,0
(HA2)120,GAG,0,0,1,0,0,0,0,0,0,0,0,0,0,0,0,0,0,0,0,0,0,0,0,0,0,0,0,0,0,0,0,0,17,0,122371,1,0,0,1,0,0,0,5,0,0,0,0,0,0,0,1,0,0,0,0,0,0,0,0,0,0,0,0,0
(HA2)121,AAA,122047,1,11,0,0,0,0,46,4,0,0,0,0,0,0,0,0,0,0,0,0,0,0,0,0,0,0,0,0,0,0,0,2,0,0,0,0,0,0,0,0,0,0,0,0,0,0,0,0,0,0,0,0,0,0,0,0,0,0,0,0,0,0,0
(HA2)122,GTA,0,0,0,0,0,0,0,0,0,0,0,0,6,0,0,0,0,0,0,0,0,0,0,0,0,0,0,0,0,0,0,0,0,0,0,0,7,0,0,0,0,0,0,0,122303,1,5,34,0,0,0,0,0,0,0,0,0,0,0,0,1,0,0,0
(HA2)123,AAA,122349,0,3,0,4,0,0,0,1,0,1,0,1,0,0,0,0,0,0,0,0,0,0,0,0,0,0,0,0,0,0,0,4,0,0,0,0,0,0,0,0,0,0,0,0,0,0,0,0,0,0,0,0,0,0,0,0,0,0,0,0,0,0,0
(HA2)124,AGC,0,5,0,0,0,0,0,0,55,121974,49,34,0,4,0,0,0,0,0,0,0,0,0,0,27,0,0,0,0,0,0,0,0,0,0,0,0,0,0,0,0,55,0,0,0,0,0,0,0,0,0,0,0,0,0,0,0,0,0,0,0,0,0,0
(HA2)125,CAA,1,0,0,0,0,0,0,0,1,0,0,0,0,0,0,0,121996,0,19,0,2,0,0,0,7,0,0,0,2,0,0,0,0,0,0,0,0,0,0,0,0,0,0,0,0,0,0,0,1,0,0,0,0,0,0,0,0,0,0,0,0,0,0,0
(HA2)126,TTA,0,0,0,0,0,0,0,0,0,0,0,0,0,0,0,0,0,0,0,0,0,0,0,0,0,0,0,0,2,0,0,0,0,0,0,0,0,0,0,0,0,0,0,0,0,0,0,0,0,0,0,0,7,0,0,0,0,0,0,0,122335,0,4,1
(HA2)127,AAG,6,2,121624,4,0,0,1,0,0,0,18,0,0,0,3,0,0,0,0,0,0,0,0,0,0,0,0,0,0,0,0,0,0,0,5,0,0,0,0,0,0,0,0,0,0,0,0,0,0,0,0,0,0,0,0,0,0,0,0,0,33,0,0,0
(HA2)128,AAT,0,42,1,122182,0,0,0,15,0,0,0,3,0,0,0,0,0,0,0,0,0,0,0,0,0,0,0,0,0,0,0,0,0,0,0,1,0,0,0,0,0,0,0,0,0,0,0,0,0,0,0,0,0,0,0,0,0,0,0,0,0,0,0,0
(HA2)129,AAT,0,1,0,122328,0,0,0,0,0,0,0,13,0,0,0,2,0,0,0,0,0,0,0,0,0,0,0,0,0,0,0,0,0,0,0,16,0,0,0,0,0,0,0,0,0,0,0,0,0,0,0,0,0,0,0,0,0,0,0,0,0,0,0,0
(HA2)130,GCC,0,0,0,0,0,10,0,0,0,0,0,0,0,0,0,0,0,0,0,0,0,1,0,0,0,0,0,0,0,0,0,0,0,2,0,0,41,122109,0,2,0,0,0,0,0,3,0,0,0,0,0,0,0,5,0,0,0,0,0,0,0,0,0,0
(HA2)131,AAA,121462,4,15,0,1,0,0,0,15,0,0,0,3,0,0,0,112,0,0,0,0,0,0,0,0,0,0,0,0,0,68,0,18,0,0,0,0,1,0,0,0,0,0,0,0,0,25,0,0,38,0,0,0,0,0,0,0,0,0,0,42,97,24,0
(HA2)132,GAA,13,0,0,0,0,0,0,0,0,0,0,0,1,0,0,0,0,0,0,0,0,0,0,0,0,0,0,0,0,0,0,0,122397,1,6,0,0,0,0,0,6,0,0,0,4,1,0,0,2,0,0,0,0,0,0,0,0,0,0,0,0,0,0,0
(HA2)133,ATC,0,0,0,0,0,4,0,0,0,0,0,0,2,127010,36,33,22,0,0,0,0,0,0,0,0,0,0,0,0,28,0,0,0,0,0,0,0,0,0,0,0,0,0,0,0,1,0,0,0,0,0,0,0,0,0,0,0,0,0,0,0,1,0,0
(HA2)134,GGA,0,0,0,0,0,0,0,0,10,0,0,0,0,0,0,0,0,0,0,0,0,0,0,0,0,0,0,0,0,0,0,0,24,0,0,0,0,0,0,0,127063,17,9,0,2,0,0,0,0,0,0,0,0,0,0,0,1,0,0,0,0,0,0,0
(HA2)135,AAT,1,5,1,127133,0,0,0,4,0,0,0,2,0,0,0,0,0,0,0,0,0,0,0,0,0,0,0,0,0,0,0,0,0,0,0,1,0,0,0,0,0,0,0,0,0,0,0,0,0,0,0,2,0,0,0,0,0,0,0,0,0,0,0,0
(HA2)136,GGG,0,0,0,0,0,0,0,0,0,0,16,0,0,0,0,0,0,0,0,0,0,0,0,0,0,0,0,0,0,0,0,0,0,0,5,0,0,0,0,0,10,1,127070,99,0,0,2,0,0,0,0,0,0,0,0,0,0,0,3,0,0,0,0,0
(HA2)137,TGT,0,0,0,0,0,0,0,0,0,0,0,0,0,0,0,0,0,0,0,0,0,0,0,0,0,0,0,3,0,0,0,0,0,0,0,0,0,0,0,0,0,0,0,1,0,0,0,0,0,0,0,13,0,0,0,0,0,4,1,127106,0,0,0,1
(HA2)138,TTT,0,0,0,0,0,0,0,0,0,0,0,0,0,0,0,0,0,0,0,0,0,0,0,0,0,0,0,0,0,0,0,4,0,0,0,0,0,0,0,0,0,0,0,0,0,0,0,0,0,0,0,1,0,0,0,2,0,0,0,2,1,11,0,127108
(HA2)139,GAG,0,0,2,0,0,0,0,0,0,0,0,0,0,0,0,0,0,0,0,0,0,0,0,0,0,0,0,0,0,0,0,0,3,0,127099,9,0,0,0,0,0,0,20,0,0,0,30,0,0,0,3,0,0,0,0,0,0,0,0,0,0,0,0,0
(HA2)140,TTC,0,0,0,0,0,0,0,0,0,0,0,0,0,0,0,0,0,0,0,0,0,0,0,0,0,0,0,0,0,3,0,0,0,0,0,0,0,0,0,0,0,0,0,0,0,0,0,0,0,0,0,0,0,7,0,0,0,1,0,0,6,127067,0,3
(HA2)141,TAC,0,1,0,0,0,0,0,0,0,0,0,0,0,0,0,0,0,15,0,0,0,0,0,0,0,0,0,0,0,0,32,0,0,1,0,0,0,0,0,0,0,0,0,0,0,0,0,0,3,127087,0,44,0,1,0,0,0,17,1,0,0,0,0,0
(HA2)142,CAC,0,2,0,0,0,0,0,0,0,0,0,0,0,0,0,0,0,127174,0,3,0,1,0,0,0,6,0,0,0,1,0,0,0,2,0,0,0,0,0,0,0,0,0,0,0,0,0,0,0,1,0,0,0,0,0,0,0,0,0,0,0,0,0,0
(HA2)143,AAG,2,0,127115,4,0,0,0,0,0,0,8,0,0,0,0,0,0,0,1,0,0,0,0,0,0,0,0,0,0,0,0,0,0,0,13,0,0,0,0,0,0,0,0,0,0,0,0,0,0,0,1,0,0,0,0,21,0,0,0,0,0,0,0,0
(HA2)144,TGT,0,0,0,0,0,0,0,0,0,0,0,4,0,0,0,0,0,0,0,0,0,0,0,0,0,0,0,11,0,0,0,0,0,0,0,0,0,0,0,0,0,0,0,1,0,0,0,0,0,0,0,7,0,0,0,1,0,2,0,127136,0,0,0,2
(HA2)145,GAC,0,5,0,0,0,0,0,0,0,0,0,0,0,0,0,0,0,0,0,0,0,0,0,0,0,0,0,0,0,0,0,0,5,127117,3,5,0,15,0,0,0,21,0,0,0,1,0,0,0,2,0,0,0,0,0,0,0,0,0,6,0,0,0,0
(HA2)146,AAT,1,6,0,127172,0,0,0,0,0,0,0,5,0,0,0,0,0,0,0,0,0,0,0,0,0,0,0,0,0,0,0,0,0,0,0,13,0,0,0,0,0,0,0,0,0,0,0,0,0,0,0,0,0,0,0,0,0,0,0,0,0,0,0,0
(HA2)147,GAA,2,0,0,0,0,0,0,0,0,0,0,0,0,0,106,0,2,0,0,0,0,0,0,0,0,0,0,0,0,0,0,0,126955,7,88,22,0,0,0,0,17,0,0,0,0,0,0,0,2,0,0,0,0,0,0,0,0,0,0,0,0,0,0,0
(HA2)148,TGC,0,0,0,0,0,0,0,0,0,3,0,0,0,0,0,0,0,0,0,0,0,0,0,0,0,5,0,0,0,0,0,0,0,0,0,0,0,0,0,0,0,0,0,0,0,0,0,0,0,10,0,0,0,0,0,0,3,127051,0,25,0,2,0,0
(HA2)149,ATG,0,0,0,0,0,0,9,0,0,0,1,0,9,0,126780,2,0,0,0,0,0,0,0,0,0,0,0,0,0,0,0,0,0,0,0,0,0,0,0,0,0,0,0,0,0,0,8,0,0,0,0,0,0,0,0,0,0,0,0,0,0,0,0,0
(HA2)150,GAA,38,0,0,0,0,25,0,0,0,0,0,0,0,0,0,0,0,0,0,0,0,0,0,0,0,0,0,0,0,0,0,0,126884,6,6,1,0,0,0,1,25,3,0,41,0,0,0,0,2,0,0,0,0,7,0,0,0,0,0,0,0,0,0,0
(HA2)151,AGT,0,0,0,13,0,0,0,5,0,4,1,126035,0,0,0,1,0,0,0,0,0,0,0,0,0,0,0,0,0,0,0,0,0,0,0,0,0,0,0,0,0,0,0,0,0,0,0,0,0,0,0,0,0,0,0,0,0,0,0,3,0,0,0,0
(HA2)152,GTA,0,0,0,0,0,0,0,0,0,0,0,0,13,0,0,0,0,0,0,0,0,0,0,0,0,0,0,0,0,0,0,0,0,0,0,0,13,0,0,0,0,0,0,0,126908,0,27,7,0,0,0,0,0,0,0,0,0,0,0,0,0,0,0,0
(HA2)153,AGA,3,0,0,0,0,0,0,0,127002,0,1,0,1,0,0,0,0,0,0,0,0,0,0,0,2,0,0,0,0,0,0,0,0,0,0,0,0,0,0,0,8,0,0,0,0,0,0,0,0,0,0,0,0,0,0,0,1,0,0,0,0,0,0,0
(HA2)154,AAT,2,3,1,126646,0,0,11,36,0,0,0,7,9,0,0,0,0,0,0,1,0,0,0,0,0,0,0,0,0,0,10,0,0,0,0,3,0,0,0,133,0,0,28,0,0,0,122,163,0,0,0,0,1,18,0,0,0,0,0,0,0,0,0,0
(HA2)155,GGG,0,0,0,0,0,0,0,0,0,0,3,0,0,0,0,0,0,0,0,0,0,0,0,0,0,0,0,0,0,0,0,0,0,0,6,0,0,0,0,0,73,0,125849,3,0,0,1,0,0,0,0,0,1,0,0,0,0,0,5,0,0,0,0,0
(HA2)156,ACT,0,0,0,1,0,1,0,127020,0,0,0,0,0,0,1,2,0,0,0,0,0,0,0,1,0,0,0,0,0,0,0,0,0,0,0,0,0,0,0,14,0,0,0,0,0,0,0,0,0,0,0,0,0,0,0,0,0,0,0,0,40,0,0,0
(HA2)157,TAT,0,0,0,0,0,0,0,0,0,0,0,0,0,0,0,0,0,0,0,21,0,0,0,0,0,0,0,0,0,0,0,0,0,0,0,0,0,0,0,0,0,0,0,0,0,0,0,0,0,3,0,127126,0,0,0,0,0,0,0,10,0,0,0,1
(HA2)158,GAT,0,0,0,3,0,0,0,0,0,0,0,0,0,0,0,0,0,0,0,0,0,0,0,0,0,0,0,0,0,0,0,0,0,3,1,127155,0,0,0,0,0,0,0,4,0,0,0,1,0,0,0,1,0,0,0,0,0,2,0,0,0,0,0,0
(HA2)159,TAT,0,0,0,0,0,0,0,0,0,0,0,0,0,0,0,0,0,0,0,6,0,0,0,0,0,0,0,0,0,0,0,0,0,0,0,0,0,0,0,2,0,0,0,0,0,0,0,0,1,3,2,127151,0,0,1,1,0,0,11,5,0,0,0,1
(HA2)160,CCA,0,0,0,0,3,0,0,0,0,0,0,0,0,0,0,0,4,0,0,0,127069,65,56,0,1,0,0,0,3,0,0,0,0,0,0,0,0,0,0,0,0,0,0,0,0,0,6,0,0,0,0,0,2,0,0,0,0,0,0,0,0,0,0,0
(HA2)161,AAA,127116,0,2,0,1,0,0,0,1,0,14,0,0,0,0,0,0,0,0,40,0,0,0,0,0,0,0,0,0,0,0,0,7,0,0,0,0,0,0,0,0,0,0,0,0,0,0,0,2,0,0,0,0,0,0,0,0,0,0,0,0,0,0,0
(HA2)162,TAT,0,0,0,0,0,0,0,0,0,0,0,0,0,0,0,0,0,0,0,10,0,0,0,0,0,0,0,0,0,0,0,0,0,0,0,0,0,0,0,0,0,0,0,0,0,0,0,0,0,25,1,127196,0,0,0,1,0,0,0,12,0,0,0,0
(HA2)163,TCA,0,0,0,0,0,0,0,22,0,0,0,0,0,0,0,0,0,0,0,0,5,0,0,0,0,7,0,0,0,0,0,0,0,0,0,0,0,0,0,0,0,0,0,0,0,0,16,0,3,0,0,0,126978,1,29,1,0,0,33,0,39,0,0,0
(HA2)164,GAA,5,0,0,0,0,0,0,0,0,0,0,0,0,0,0,0,0,1,0,0,0,0,0,0,0,0,0,0,0,0,0,0,127156,1,5,0,1,0,0,0,10,0,0,0,0,0,0,0,1,0,0,0,0,0,0,0,0,0,1,0,0,0,0,8
(HA2)165,GAA,3,0,0,0,0,0,0,0,0,0,0,0,0,0,0,0,0,0,0,0,0,0,0,0,0,0,0,0,0,0,0,1,127036,1,8,0,79,0,0,0,26,0,0,0,0,0,0,0,0,0,0,0,0,0,0,0,0,0,0,0,0,8,0,0
(HA2)166,TCA,0,0,0,0,1,0,0,0,0,0,0,0,21,0,0,0,0,0,0,0,1,0,0,0,0,0,0,0,0,0,0,0,0,0,0,0,0,0,0,0,0,0,0,0,0,0,30,0,3,0,0,0,127027,1,63,0,0,0,0,0,4,0,0,0
(HA2)167,AAG,3,0,126950,2,0,0,2,0,0,0,21,0,0,0,4,0,0,29,0,0,0,0,0,0,71,0,0,5,0,43,0,0,0,0,9,0,0,0,0,0,0,0,0,0,0,0,0,0,0,1,0,0,0,0,0,0,0,0,0,0,49,0,6,0
(HA2)168,TTG,0,0,0,0,0,0,0,0,0,0,0,0,0,0,0,0,0,0,0,24,0,0,0,0,0,0,0,0,0,0,0,0,0,0,0,0,0,4,0,0,0,0,0,0,0,0,0,0,0,0,0,0,0,0,8,0,0,0,0,0,48,22,126978,1
(HA2)169,AAC,1,126853,0,9,0,1,0,0,0,134,0,0,0,0,0,0,0,0,0,0,0,0,0,0,0,0,0,0,0,0,0,15,0,10,0,0,0,0,0,0,0,0,0,1,0,0,0,0,0,50,0,0,0,0,0,0,0,0,0,0,0,0,0,5
(HA2)170,AGG,0,0,3,0,0,0,1,0,7,0,127057,2,0,0,3,0,0,0,0,0,0,0,0,0,0,0,2,0,0,0,0,0,0,0,0,2,0,0,0,0,0,0,24,0,0,0,0,1,0,0,0,0,0,0,0,0,0,0,1,1,0,0,0,0
(HA2)171,GAA,4,0,0,0,0,0,0,0,0,0,0,0,0,0,0,0,0,0,0,0,0,0,0,0,0,9,0,0,0,0,0,0,127077,0,2,0,0,0,0,0,6,0,0,0,0,0,0,0,0,0,0,0,0,0,0,0,0,0,0,0,0,0,0,0
(HA2)172,AAG,14,0,126939,1,0,0,6,0,0,0,65,1,0,0,3,33,0,0,2,0,0,0,0,0,0,0,0,0,0,37,0,0,0,0,4,0,0,0,0,0,0,0,0,0,0,0,0,0,0,0,0,0,0,0,0,0,0,0,0,0,0,0,0,0
(HA2)173,ATA,0,0,0,0,6,0,0,0,0,0,0,0,127049,0,14,38,0,0,0,0,0,0,0,0,0,0,0,0,1,0,0,28,0,0,0,0,0,0,0,0,0,0,0,0,34,0,0,0,0,0,0,0,0,0,0,0,0,0,0,0,0,0,0,0
(HA2)174,GAT,0,0,0,65,0,0,0,0,0,0,0,0,0,0,0,5,0,0,0,0,0,0,0,0,0,0,0,0,0,0,0,0,0,2,0,127027,0,0,0,1,0,0,0,7,0,0,0,0,0,0,0,1,0,0,0,0,0,0,0,0,0,0,0,0
(HA2)175,GGA,0,0,0,0,0,0,0,0,6,0,0,0,0,0,8,0,0,0,0,0,0,0,0,0,0,0,0,0,0,0,0,0,2,0,0,0,0,2,0,0,126802,0,18,1,0,31,0,0,0,0,0,0,2,0,0,0,1,0,0,0,0,0,1,0
(HA2)176,GTG,0,0,0,0,0,0,0,0,0,0,0,0,0,0,54,0,0,0,0,0,0,0,0,0,0,0,0,0,0,0,0,0,0,0,0,0,0,0,54,0,0,0,0,0,39,0,126338,1,0,0,0,0,0,0,0,0,0,0,0,0,0,0,0,0
(HA2)177,AAA,127006,2,2,1,0,0,0,0,5,0,0,0,0,39,0,0,0,0,0,2,0,0,0,0,0,0,0,0,0,0,0,0,61,0,0,0,0,0,0,0,0,2,0,0,0,0,0,0,0,0,0,0,0,0,0,0,0,0,0,0,0,0,0,0
(HA2)178,TTG,0,0,0,0,0,0,0,0,0,0,0,0,0,0,1,0,0,0,0,0,0,0,0,0,0,0,0,0,0,0,2,0,0,0,0,0,0,0,0,0,0,0,0,0,0,6,0,0,0,0,0,0,0,0,4,0,0,0,1,0,6,0,127017,1
(HA2)179,GAA,0,0,0,1,0,0,0,0,0,0,0,0,0,0,0,0,0,0,0,0,0,0,0,0,0,0,0,0,0,0,0,0,126912,3,0,0,0,0,0,0,41,0,0,0,0,0,0,0,0,0,0,0,0,67,0,0,0,0,0,0,0,0,0,0
(HA2)180,TCA,0,0,0,0,1,0,0,0,0,0,0,0,0,0,0,0,1,0,0,0,9,0,0,0,0,0,0,0,0,0,0,56,0,0,0,0,0,0,0,0,0,0,0,0,0,0,0,0,1,0,0,0,126627,0,12,0,2,0,0,0,3,0,0,0
(HA2)181,ATG,0,0,0,0,0,0,9,0,0,0,0,0,66,0,126900,6,0,0,0,33,0,0,0,0,0,0,0,0,14,0,0,52,0,0,0,0,0,0,0,0,0,0,0,0,0,0,5,0,0,0,0,0,0,0,0,0,0,0,0,0,0,0,1,3
(HA2)182,GGG,0,0,0,0,0,0,0,0,0,0,5,0,0,0,0,0,0,0,0,0,0,0,0,0,0,0,0,0,0,0,0,0,0,0,8,61,0,0,0,0,8,1,127119,2,0,0,4,0,0,0,0,0,0,0,0,0,0,28,0,0,1,0,0,0
(HA2)183,GTG,0,0,0,0,0,0,0,0,0,0,0,0,0,0,28,0,0,0,0,0,0,69,0,0,0,0,0,0,0,0,0,0,0,0,0,0,0,0,33,0,0,0,0,0,168,1,126871,2,0,2,0,0,0,0,0,0,0,0,30,0,0,1,2,0
(HA2)184,TAT,0,0,0,0,0,0,0,0,0,0,0,0,0,0,0,0,0,0,0,25,0,0,0,0,0,0,0,0,0,0,0,0,0,0,0,0,0,0,0,0,29,0,0,0,0,0,0,0,1,7,0,127131,0,0,0,0,0,0,0,18,0,0,0,2
(HA2)185,CAG,0,0,2,0,0,0,0,0,0,0,0,0,0,0,0,0,3,0,127130,45,0,0,1,0,0,0,22,0,0,0,1,0,0,0,1,0,0,0,0,0,0,0,0,0,0,0,0,0,0,0,3,0,0,0,0,0,0,0,0,0,0,0,0,0
(HA2)186,ATT,0,0,0,0,0,0,0,2,0,0,0,0,0,3,0,127138,0,0,0,0,0,0,0,0,0,0,0,0,0,0,10,0,0,0,0,0,0,0,0,0,0,0,0,0,0,0,0,2,0,0,0,0,0,0,0,0,0,0,0,0,0,0,0,1
(HA2)187,CTG,0,0,0,0,0,0,0,0,0,0,0,0,0,0,25,0,0,0,1,0,0,0,22,0,0,0,2,0,2,1,126898,0,0,0,0,0,0,0,0,0,0,0,0,0,0,0,0,0,0,0,0,0,0,0,0,1,0,0,0,0,0,0,82,0
(HA2)188,GCG,0,0,0,0,0,0,6,0,0,0,0,0,0,0,0,0,0,0,0,0,0,0,1,0,0,0,0,0,0,0,0,0,0,0,2,0,7,0,126821,2,0,1,1,0,0,0,25,0,0,0,0,0,0,0,2,0,0,0,0,0,0,0,0,0
(HA2)189,ATC,0,1,0,0,0,8,0,0,0,1,0,0,2,126961,2,6,0,0,0,0,0,0,0,0,0,0,0,0,0,0,0,0,0,0,0,1,0,0,0,0,0,0,0,0,0,9,0,0,0,0,0,0,0,0,0,0,0,0,0,0,0,2,0,0
(HA2)190,TAC,0,2,0,0,0,0,0,0,0,0,0,0,0,0,0,0,0,33,0,0,0,0,0,0,0,0,0,0,0,0,0,0,0,0,0,0,0,0,0,0,0,0,0,0,0,0,0,0,4,127000,0,21,0,1,0,0,0,15,0,0,0,0,0,0
(HA2)191,TCA,0,0,0,0,2,0,0,0,0,0,0,0,0,0,0,0,0,0,0,0,12,0,0,0,0,0,0,0,0,0,0,0,0,0,0,0,0,0,0,0,0,0,0,0,0,0,0,0,5,0,0,0,126815,0,13,0,1,0,0,0,4,0,0,0
(HA2)192,ACT,0,0,0,9,0,11,0,126888,0,0,0,2,0,0,0,8,0,0,0,0,0,0,0,0,0,0,0,0,0,0,0,0,0,0,0,0,0,0,0,6,0,0,0,0,0,0,0,0,0,0,0,0,0,0,0,0,0,0,0,0,0,0,0,0
(HA2)193,GTC,0,0,0,0,0,0,0,0,0,0,0,0,0,32,0,0,0,0,0,0,0,0,0,0,0,0,0,0,0,0,0,0,0,1,0,0,0,5,0,0,0,0,0,0,2,126932,0,0,0,0,0,0,0,0,0,0,0,22,0,0,0,1,0,0
(HA2)194,GCC,0,0,0,0,0,44,0,0,0,0,0,0,0,0,0,0,0,0,0,0,0,0,0,0,0,0,0,0,0,0,0,0,0,2,0,0,2,127005,0,5,0,0,0,0,0,7,0,0,0,0,0,0,0,0,0,0,0,0,0,0,0,0,0,0
(HA2)195,AGT,0,0,0,15,0,0,0,2,0,36,0,126889,0,0,0,6,0,0,0,0,0,0,0,0,0,0,0,0,0,0,0,0,0,0,0,0,0,0,0,0,0,0,37,8,0,0,0,0,0,0,0,0,0,0,0,0,0,0,0,0,0,0,0,0
(HA2)196,TCA,0,0,0,0,0,0,0,0,0,0,0,0,0,0,0,0,0,0,0,0,7,0,0,0,0,0,0,0,0,0,0,0,0,0,0,0,0,0,0,0,0,0,0,0,0,0,0,0,4,0,0,0,127098,8,6,17,0,0,0,0,7,0,0,0
(HA2)197,CTG,0,0,0,0,0,0,0,0,0,0,0,0,0,0,96,0,0,0,0,0,0,0,11,0,0,0,0,0,18,0,126934,78,0,0,0,0,0,0,0,0,0,0,0,0,0,0,2,0,0,0,0,0,0,0,0,0,0,0,0,0,2,0,4,0
(HA2)198,GTG,0,0,0,0,0,0,0,0,0,0,0,0,0,0,5,51,0,0,0,0,0,0,0,0,0,0,0,0,0,0,1,42,0,0,0,0,0,0,2,0,0,0,0,0,13,2,126777,20,0,0,0,0,0,0,0,0,0,0,0,0,0,0,6,9
(HA2)199,CTT,0,0,0,0,0,0,0,0,0,0,0,0,27,0,10,14,0,0,0,1,0,0,0,34,0,0,0,2,1,2,2,126484,0,0,0,0,0,0,97,0,0,0,0,0,0,0,6,1,0,0,0,0,0,0,0,0,0,0,0,0,0,0,0,9
(HA2)200,TTG,0,0,0,0,0,0,0,0,0,0,0,0,0,0,1,0,0,0,0,0,0,0,0,0,0,0,0,0,0,0,7,0,0,0,0,0,0,0,0,173,0,0,0,0,0,36,1,0,0,0,0,0,0,0,11,0,0,0,13,0,1,27,126887,2
(HA2)201,GTC,0,0,0,0,0,0,0,0,0,0,0,0,0,5,0,0,0,0,0,0,0,0,0,0,0,0,0,0,0,0,0,0,0,0,0,0,0,11,0,0,0,0,0,0,2,127092,0,5,0,0,0,0,0,0,0,0,0,0,0,0,0,2,0,0
(HA2)202,TCC,0,0,0,0,0,1,0,0,0,0,0,0,0,0,0,0,0,0,0,0,0,35,0,0,0,0,0,0,0,0,0,0,0,0,0,0,0,0,0,0,0,0,0,0,0,0,0,0,0,3,0,0,5,126955,0,2,0,0,0,0,0,3,39,0
(HA2)203,CTG,0,0,0,0,0,0,0,0,0,0,0,0,0,0,7,0,0,0,0,0,0,0,20,0,0,0,4,0,91,1,126639,3,0,0,0,0,0,0,0,0,0,0,0,0,82,0,0,0,0,0,0,0,0,0,0,0,0,0,0,0,0,0,2,0
(HA2)204,GGG,0,0,0,0,0,0,0,0,0,0,1,0,0,0,0,0,0,0,0,0,0,0,0,0,0,0,0,0,0,0,0,0,0,0,5,0,0,0,0,0,10,0,127120,0,0,0,4,0,0,0,0,0,0,0,0,0,0,0,1,0,0,0,0,0
(HA2)205,GCA,0,0,0,0,37,0,0,0,0,0,0,0,0,0,0,0,0,0,0,0,1,0,0,0,0,0,0,0,0,0,0,0,2,0,0,0,126904,3,11,28,2,0,0,0,16,0,0,0,0,0,0,0,15,0,0,0,0,0,0,0,0,0,0,0
(HA2)206,ATC,0,1,0,0,0,19,0,0,0,0,0,0,4,125810,0,4,0,0,0,0,0,0,0,0,0,0,0,0,0,0,0,0,0,0,0,0,0,0,0,0,0,0,0,0,0,4,0,0,0,0,0,0,0,0,0,0,0,0,0,0,0,2,0,0
(HA2)207,AGT,0,0,0,4,0,0,0,0,0,3,0,126882,0,0,0,1,0,0,0,0,0,0,0,0,0,0,0,0,0,0,26,0,0,0,0,0,0,0,0,0,0,0,0,11,0,0,0,0,0,0,0,0,0,0,0,0,0,0,0,3,0,0,0,0
(HA2)208,TTC,0,0,0,0,0,0,0,0,0,0,0,0,0,0,0,0,0,0,0,0,0,0,0,0,0,0,0,0,0,3,0,3,0,0,0,0,0,0,0,0,0,0,0,0,0,1,0,0,0,2,0,0,0,2,0,0,0,0,0,0,0,127167,0,5
(HA2)209,TGG,0,0,0,0,0,0,0,0,0,0,1,0,0,0,0,0,0,0,0,0,0,0,0,0,0,0,9,0,0,0,0,0,0,0,0,0,0,0,0,0,0,0,16,0,0,0,0,0,0,0,2,0,0,0,0,0,2,0,127149,4,0,0,1,0
(HA2)210,ATG,0,0,0,0,0,0,2,0,0,0,0,0,23,1,127095,2,0,0,0,0,0,0,0,0,0,0,0,0,0,0,0,0,0,0,0,0,0,0,1,0,0,0,0,0,0,0,12,0,0,0,0,0,0,0,0,0,0,0,0,0,0,0,0,0
(HA2)211,TGT,0,0,0,0,0,0,0,0,0,0,0,0,0,0,0,0,0,0,0,0,0,0,0,0,0,0,0,7,0,12,0,0,0,0,0,0,0,0,0,0,0,0,0,2,0,0,0,0,0,0,0,3,0,0,0,0,0,66,1,127005,0,0,0,2
(HA2)212,TCT,0,0,0,0,0,5,0,0,0,0,0,43,0,0,0,0,0,0,0,0,0,0,0,2,0,0,0,0,0,0,0,0,0,0,0,0,0,0,0,0,0,0,0,0,0,0,0,0,0,0,0,5,20,71,60,126948,0,0,0,0,0,0,0,1
(HA2)213,AAT,0,6,14,127094,0,1,0,1,0,0,0,6,40,0,0,0,0,0,0,0,0,0,0,0,0,0,0,0,0,0,0,0,0,0,0,23,0,0,0,0,0,0,0,2,0,0,0,0,0,0,0,0,0,0,0,0,0,0,0,0,0,0,0,0
(HA2)214,GGG,0,0,0,0,0,0,0,0,0,0,0,0,0,0,0,0,0,0,0,0,0,0,0,0,0,0,0,0,0,0,0,0,0,0,2,0,0,0,1,0,53,0,127047,0,0,0,0,0,0,0,0,0,0,0,0,0,0,0,7,0,0,0,0,0
(HA2)215,TCT,0,0,0,0,0,0,0,0,0,0,0,0,0,0,29,0,1,0,0,0,0,0,0,4,0,0,0,0,0,0,0,12,0,0,0,0,0,0,0,0,0,0,0,0,0,0,0,0,0,0,0,5,9,8,1,126207,0,0,0,0,0,0,0,6
(HA2)216,TTG,0,0,0,0,0,0,0,0,0,0,0,0,0,0,1,0,0,0,0,0,0,0,0,0,0,0,0,0,0,1,22,0,0,0,0,0,0,0,0,0,0,0,0,0,0,0,1,0,0,0,0,0,0,0,7,0,0,0,1,0,11,0,127123,2
(HA2)217,CAG,0,0,3,0,0,0,0,0,0,0,0,0,0,0,0,0,4,1,127080,3,0,0,0,0,0,0,10,0,0,0,1,0,0,0,2,0,0,0,0,0,0,0,0,0,0,0,0,0,0,0,73,0,0,0,0,0,0,0,0,0,0,0,0,0
(HA2)218,TGC,0,0,0,0,0,0,0,0,0,0,0,0,0,0,0,0,0,0,0,0,0,0,0,0,0,1,0,0,0,0,0,0,0,0,0,0,0,0,0,0,0,0,0,0,0,0,0,0,0,66,0,0,0,0,0,0,2,126997,0,14,0,4,2,0
(HA2)219,AGA,6,0,0,0,0,0,0,0,126996,0,4,1,8,0,0,0,0,0,0,0,0,0,0,0,103,0,1,0,0,0,0,0,0,0,0,0,0,0,0,0,12,0,0,0,0,0,0,0,0,7,0,0,0,0,0,0,2,0,0,0,0,0,0,0
(HA2)220,ATA,0,0,0,0,7,0,0,0,0,0,0,0,127132,0,12,0,0,0,0,0,0,0,0,0,0,0,0,0,3,0,0,0,0,0,0,0,0,0,0,0,0,0,0,0,5,0,0,16,0,0,0,0,0,0,0,0,0,0,0,0,1,0,0,0
(HA2)221,TGC,0,0,0,0,0,0,0,0,0,0,0,0,0,0,0,0,0,0,0,0,0,0,0,0,0,7,0,0,0,0,0,0,0,0,0,0,0,0,0,0,0,1,0,0,0,0,0,0,0,28,0,0,0,1,0,0,7,126552,1,40,0,1,0,0
(HA2)222,ATC,0,0,0,0,0,4,0,0,0,0,0,0,3,126932,1,2,0,0,0,0,0,0,0,0,0,0,0,0,0,1,0,0,0,0,0,0,0,0,0,0,0,0,0,0,0,3,0,0,0,0,0,0,0,0,0,0,0,0,0,0,0,0,0,0
(HA2)223,TGA,0,0,0,0,0,0,0,0,1,0,0,0,0,0,0,0,0,0,0,0,0,0,0,0,38,0,0,0,0,0,0,0,0,0,0,0,0,0,0,0,2,0,0,0,0,0,0,0,24,0,0,0,0,0,0,0,127081,0,11,0,3,0,0,0
