pos	aa	HK68_fit_no_antibody	HK68_fit_2ug_CR9114	HK68_fit_10ug_CR9114	HK68_fit_300ng_FI6v3	HK68_fit_2500ng_FI6v3	WSN_fit_mock	WSN_fit_CR9114_50ng	WSN_fit_CR9114_70ng	WSN_fit_CR9114_100ng	WSN_fit_FI6v3_100ng	WSN_fit_FI6v3_200ng	SI06_fit_no_antibody	SI06_fit_300ng_FI6v3	Mich15_fit_no_antibody	Mich15_fit_300ng_FI6v3	Perth09_fit_mock	Perth09_fit_FI6v3_15ug
42	E	1.05693369417	1.20237811192	3.92197193106	1.73436067646	1.64235316552	0.817829528652	0.18901814408	0.182815284553	0.254386061337	1.00387875142	0.225775315465	1.97393448446	2.03882772675	2.23518816439	1.97441904362	0.443559486661	0.870882344065
42	D	1.11385590125	1.69964733247	4.89941895517	46.1799299299	145.385056026	0.449479150896	0.232779537029	0.258226589431	0.259740750777	0.320095230295	0.256195388968	2.10228210778	1.60538810068	1.78949408722	1.90931516506	0.365675918915	0.961622952129
42	R	0.770012010747	1.03321005405	2.0992542188	3.25242645961	3.18598366562	0.299247096197	0.3416837162	0.334698118536	0.322331141331	0.247553628358	0.256955475142	0.0748750045374	0.0803584011636	1.40761001004	1.36227463189	0.571535108828	2.56670742822
42	K	1.16968206306	1.13648884279	3.10118114744	1.90022522522	1.13117074275	0.916881251017	0.260049935935	0.561714962569	0.255004541651	1.04869741377	0.506261851469	0.0820229523496	0.0349409904755	1.535478304	1.81618472812	0.202443932662	0.334791654141
42	H	0.431019150302	0.314173073651	0.528851092915	0.240493942218	0.252865754622	0.4927277556	0.223468355548	0.193229947124	0.217186760683	0.259805480729	0.245949379838	0.055162967142	0.0162687520253	0.750579891355	0.591779449073	0.389427935021	0.550314727516
42	Q	1.0	1.0	1.0	1.0	1.0	1.0	1.0	1.0	1.0	1.0	1.0	0.055162967142	0.0162687520253	0.750579891355	0.591779449073	1.0	1.0
42	N	0.837094285501	1.32864293683	3.31237505649	15.0107159791	13.7300724638	0.33473352962	0.202416988721	0.195643654195	0.225861522415	0.235676374179	0.222778599103	1.35897883247	0.581778697763	2.2023379274	2.83643176503	0.596607790729	4.48400055756
42	S	1.26904632131	1.4443749576	3.18609640179	2.24080775691	1.36718941906	0.269083464883	0.181049766189	0.172208387618	0.189476535521	0.197710271347	0.18689025335	1.35159756945	1.1871735166	1.95304454543	1.80154618077	0.93554373018	2.01247835264
42	T	1.37815665699	1.95981735384	3.53119028382	3.13348866107	6.37006496751	0.236527054489	0.182572185905	0.176462903784	0.203718235903	0.212570847298	0.200937559975	0.909216659014	0.52257938214	2.21739313592	1.91843120148	0.382870472168	2.31327355475
42	P	0.0535001660486	0.118734816003	0.10092822642	0.200319069069	0.754113828505	0.165812780467	0.156202020209	0.171310986167	0.142812783932	0.15380083246	0.153792833773	0.0117355944563	0.0398264521337	0.0379062139984	0.0361922988018	0.167232766466	0.196073562856
42	G	0.914567090044	1.11798359257	2.41104747091	4.30752786685	3.24387947269	0.216129826006	0.133973834261	0.129490763928	0.149491079584	0.155987240464	0.147450583579	0.516671567449	0.335237552886	2.38834328612	2.23168947267	0.221114889135	0.494383978369
42	C	0.957754912271	1.19074939695	2.72817970909	8.34623423422	9.04936594205	0.161917849382	0.124982301761	0.120800108631	0.139458121222	0.145518298151	0.137554571258	0.32988723822	0.124501135321	0.712212603665	0.572468914086	0.258253303017	0.509265055119
42	A	1.55347670149	2.10126568381	4.16567037887	2.30693484182	2.75762554769	0.300888645445	0.143248945864	0.151900186954	0.159840462016	0.187419572271	0.157658700903	1.3326353106	1.67576578889	2.15307831038	1.83612993023	0.690121020138	3.05337747326
42	V	1.21359171074	1.40052612285	3.34718270069	7.83582405933	4.39925227337	0.256664577978	0.167769035697	0.162155100775	0.1872005411	0.195335373193	0.184645325382	0.831387363288	0.705301698261	1.94686913704	1.43398944822	0.28418858502	0.9839445829
42	I	1.4701814303	1.47482142075	4.15497487638	13.1687354021	17.5093095813	0.216698439143	0.167266733195	0.161669606461	0.186640060438	0.194750536746	0.184092495067	0.350438944819	0.166137712209	1.65470419594	1.06239133037	0.198655662618	0.536320983846
42	L	0.369764446387	0.33874480716	0.506216761305	0.451102826964	1.16210644677	0.225492893685	0.154328974826	0.158821173464	0.17220381267	0.179686959319	0.198162179312	0.184085291538	0.142235749765	1.11134189006	0.658979455123	0.150410923247	0.400103795387
42	M	0.672114085636	0.560322459418	1.50179941278	2.30037537537	2.01963818438	0.287211423308	0.221694797171	0.214276383166	0.247372143597	0.258121743148	0.243995608541	0.83139048639	0.617647001045	2.30856874715	1.70037488908	0.52766771128	0.903997246104
42	F	0.192504443337	0.202655877233	0.297948581938	0.398198198198	0.345480719462	0.25941676944	0.200240461961	0.193539958989	0.223432903894	0.233142219618	0.220383130295	0.0979486973959	0.0756378339947	0.505463068188	0.316458004753	0.153296702594	0.401446724123
42	Y	0.262703750303	0.210377772718	0.372927058796	0.32845233293	1.31339227774	0.294216579974	0.227101987346	0.219502636414	0.253405610514	0.26441739542	0.249946720944	0.173407799036	0.149123118927	1.10098202406	0.815056312772	0.19172771478	0.408250905887
42	W	0.122444711471	0.0911018621301	0.2255558693	0.14998546934	0.882455781518	0.154652304858	0.119374121553	0.115379590936	0.133200385014	0.138988630926	0.131382250753	0.00603919351033	0.0627830519803	0.185334390791	0.10844780431	0.116328805464	0.364052831422
45	E	0.875970923045	1.04236213955	2.85066610723	25.2020567738	137.275701992	0.251115029267	0.194007660495	0.187595585228	0.216797049481	0.226233060429	0.213940680345	0.0179314142109	0.0406995597252	1.60498845947	2.35926962614	0.490322962301	1.54591258158
45	D	0.160124251313	0.122694633931	0.263973617975	0.389041769042	1.70585748792	0.330233463145	0.255133361747	0.246701043587	0.28510296918	0.297511969879	0.281346648124	0.0469490393349	0.0389276203566	1.52316584034	1.90723737069	0.160262112465	0.194446691821
45	R	0.704968979268	1.06528221075	2.48484342514	14.5926004822	24.0660562576	0.270865649546	0.209266689972	0.232281966273	0.233848502811	0.244026671923	0.230767475428	0.0147282980127	0.022384936519	0.254373865979	0.195034961997	1.44950835458	13.4543490273
45	K	0.295972692554	0.359137309877	0.563979943987	1.11993243243	5.40940742342	0.273943668291	0.21164472054	0.204649729339	0.236505872161	0.246799702286	0.233389833103	0.049436726139	0.075464469147	0.383936344423	0.330127380082	0.383643265696	0.759557389925
45	H	1.24471259116	1.87349695746	5.57545557585	61.2488327743	107.931853644	0.277092446087	0.214077418477	0.207002025079	0.239224330461	0.249636480473	0.236072474863	0.0483779333826	0.220010315361	0.702666640448	0.713104857006	0.687473019083	2.08661437972
45	Q	0.796441230072	1.09045366826	2.82086535564	27.6274686451	172.73948565	0.317197931705	0.245062307994	0.236962844498	0.273848904607	0.285768076331	0.270240859383	0.0501227814359	0.0488258858808	1.35222848397	1.66906008571	1.040111273	11.6621116179
45	N	1.00343414407	1.53516552859	4.29066403125	39.5315123635	96.1287653217	0.531773003153	0.273893167758	0.264840826204	0.377859438268	0.419573081576	0.320497343623	0.0878108449566	0.147197689588	2.05732215327	2.58369321322	0.191688671772	0.728690704616
45	S	1.47845135752	2.10210646168	6.36915092977	96.3612482045	292.615951054	0.333895116856	0.23776257967	0.241240201541	1.36874516811	0.362978403734	0.278218089127	0.0294208011708	0.0485214162318	0.238836557774	0.175205296733	0.502254847561	2.00851039417
45	T	1.3477026137	1.89904843102	5.48233488417	12.0497247247	4.95808172303	0.756434311583	0.509163667954	0.389712658321	0.494567099303	0.584017405418	1.62258275884	0.0473883655692	0.0358659453799	0.16870476767	0.165727213061	1.17452418627	4.41220481906
45	P	0.0683726830983	0.0632303814801	0.0547140457986	0.15637120171	0.77350658622	0.317197931705	0.245062307994	0.236962844498	0.273848904607	0.285768076331	0.270240859383	0.00320463449917	0.00199695266977	0.0322501359717	0.0172108708702	0.1168078102	0.182121487618
45	G	0.54477947771	0.709330023099	1.53693157153	8.80017251292	15.981816605	0.253758345364	0.196049846395	0.189570275599	0.219079123686	0.228614461065	0.216192687506	0.0187766424119	0.0230533543755	1.45424155205	1.69187327996	0.183994481166	0.274197754083
45	C	0.796103672672	0.924175468666	2.09089347765	2.72142973298	2.00746546853	0.248526214532	0.192007581521	0.185661610122	0.214562028352	0.223900760837	0.21173510632	0.119481913124	0.060256255378	0.28518290825	0.291149850431	0.547002186264	0.893342522962
45	A	1.63249802726	2.25449633655	6.47356207822	70.63896454	67.8602686349	0.334820039022	0.25867688066	0.25012744697	0.289062732641	0.301644080572	0.285254240459	2.02287302829	2.32773139538	2.38353980392	2.73787579823	0.505768153152	4.44406489143
45	V	1.05423574499	1.17396193833	1.35176613196	2.24609584626	1.32243588584	1.15154865433	0.348702914078	0.690773169971	0.481255727896	0.822990696888	3.98879075932	1.28358990923	1.72096804037	1.75850232425	1.92621222371	1.55009340208	3.01702713675
45	I	1.0	1.0	1.0	1.0	1.0	1.0	1.0	1.0	1.0	1.0	1.0	1.28358990923	1.72096804037	1.75850232425	1.92621222371	1.0	1.0
45	L	1.27390214987	1.66759220953	3.03163814536	1.83872159129	1.8233967524	0.645168655759	0.278888629674	0.307689291774	0.308306921506	1.57918041014	0.351722308204	2.20080571632	2.04727931327	1.7639894856	1.86260452937	0.879527169995	1.67280320305
45	M	0.768300269863	1.12441202668	2.69210961002	4.73684464953	7.15272843762	1.33890437748	1.00497126348	3.83291971058	0.251906292178	2.14345565462	0.419619368912	0.356967314872	0.695262292472	1.23775793168	1.15198273839	1.24689752268	7.91379867659
45	F	1.28312557104	1.83646660803	5.75223807109	116.21378984	478.922811244	0.637481525614	0.610929309123	0.279366148625	1.22525559744	0.480966572906	0.403908314479	3.45490297206	3.5900299177	1.8482233738	1.69449165252	0.509603842566	1.60540245948
45	Y	1.49945709004	2.14725130253	6.52710231068	129.606119756	660.751857341	0.499155577671	7.00478698904	9.13972721344	31.5846880669	0.236069280448	0.223242449055	1.18396722683	1.78994195656	1.49133258604	1.55759951362	0.606589580672	4.89485069475
45	W	1.2483033292	1.83239225189	5.14635685012	58.3033486863	108.310445209	0.227424932166	0.175705051014	0.169897888508	0.196344497643	0.204890318879	0.193757597293	0.119607584843	0.120749862454	1.41555751679	1.43215774707	0.502904629436	3.54841543055
46	E	1.15519844303	1.56762935372	3.73978719077	1.27008765522	0.99517724246	0.454254706401	0.211382878917	0.204248167655	0.721543367422	0.423793342105	0.232645914018	2.43678517734	1.74903540001	1.0326149822	0.841786118178	0.943387380837	1.08603317577
46	D	1.0	1.0	1.0	1.0	1.0	0.676786215138	0.554683275369	0.512195258443	0.7283810039	0.714540301589	0.488298342338	2.55785330725	2.09460236176	1.0326149822	0.841786118178	1.0	1.0
46	R	0.23496951142	0.221490095926	0.438718558967	0.195644953709	0.368129299406	0.832941785549	1.78394019589	0.896740721279	0.27877719174	0.55121790676	0.412876681465	0.0904447497683	0.139542140436	0.791649851924	0.743790954124	0.362074104704	0.759704035168
46	K	0.174086708441	0.306843728822	0.424530025702	0.21204362257	0.480388300915	1.0007940762	0.407236805596	0.404236134467	3.28895133048	1.20468115486	0.563878658412	0.167613174485	0.185091639173	0.843206384653	0.750078883107	0.393487478455	0.651519409179
46	H	0.285234882622	0.270153431318	0.652190836258	0.280523380524	1.05996951921	0.412827556431	0.540134899941	0.224672984421	0.309483818765	0.720271694695	0.25591050542	0.670154542766	0.864853154456	1.23408110723	1.10916516767	0.71000752445	1.09568676319
46	Q	0.71971596465	0.954619923129	1.54785480471	0.774436936935	0.773616772344	0.494746319983	1.10655039059	0.208998125043	0.325679725594	0.251893732181	0.238056284112	0.626748862125	0.53406966481	0.970036441266	0.865462194004	1.39405030243	1.44035598959
46	N	0.790597580989	0.596971964192	0.72380544952	0.568618618619	0.564085144927	1.0	1.0	1.0	1.0	1.0	1.0	0.626748862125	0.53406966481	1.35863902521	1.42730392869	1.3685304717	1.39394928438
46	S	0.754236884378	1.02780556428	2.05088007261	0.595938479916	1.82056209465	0.653749973705	0.207498391403	0.22722833362	0.280978232217	0.446534451141	0.26260958461	2.10631695462	2.15892811806	1.6032174777	1.61496800204	0.963504203766	1.01418543477
46	T	0.751597548194	0.867139064257	1.69148616956	0.415010171461	2.79332485975	0.81316220014	0.861487974742	1.76112417131	0.239978464851	0.665352176362	0.293683167476	2.04214288372	1.98725382967	1.26746296469	1.13393652402	0.785888422511	1.13099617303
46	P	0.0439246508367	0.0794772070286	0.161283620727	0.37781981982	0.886213768119	0.245729969688	0.189813197395	0.183406517895	0.211713715922	0.22104960171	0.208906535037	0.0114631034653	0.00683571798773	0.0535388726802	0.034574925402	0.297642965779	0.426764089875
46	G	0.631695412009	0.767126234135	1.77880716058	0.588474988146	0.726741275744	0.299149528316	0.231076935959	0.223277500046	0.257738436775	0.269103862951	0.254320999175	2.38849763678	2.45638098175	1.92469727466	1.89788082233	0.769683804536	1.27137589989
46	C	0.2995303213	0.352377932932	0.75761228399	0.26254352512	0.811705343647	0.329884068897	0.254817717051	0.246216969229	0.284218413156	0.296751520103	0.280449868954	1.88922500585	1.26435230455	0.840293019544	0.752240294768	0.238874496584	0.514378407924
46	A	0.50925033606	0.624698316328	1.07948915466	0.309947976145	0.30984958665	0.451190810092	0.212039654571	0.190199351891	0.240775924136	0.229236623995	0.216643814112	0.855702663975	0.82285770391	0.935538896997	0.857159675006	0.321430367722	0.461228795947
46	V	0.356552158251	0.419053975556	0.992206805058	0.33178590355	0.469906223358	0.44063030007	0.276325049929	0.182475520342	0.235209288399	0.351350820573	0.207846095773	1.49476596873	1.45151784564	1.35580924952	1.08993344681	0.203201604609	0.330188701377
46	I	0.339822083988	0.487812713763	0.754683689516	0.230078465563	0.640870928783	0.418062008766	0.163172748638	0.188703516269	0.196152555482	0.22950509363	0.179586319593	1.21249200197	1.05637947924	1.19730509837	0.896143863457	0.176965316045	0.346686770141
46	L	0.426838146774	0.483484626608	0.884437449526	0.353850503223	0.403441649991	0.30510769568	0.205163707348	0.180773046732	0.198228765864	0.229113593032	0.195600386309	1.37783190549	1.28059900322	1.28373015281	1.04774523736	0.217123842548	0.237807521793
46	M	0.620889040729	0.848091195524	1.22501641604	0.684125504815	0.505731509245	0.218923063904	0.169106303134	0.163398534124	0.188617674185	0.196935099705	0.186116731215	0.838709462556	0.790578874631	1.05100296833	0.89573654463	0.495008759777	0.475317476564
46	F	0.731314536632	0.884806022079	1.80743464525	0.347228828828	0.823804347826	0.282694212065	0.160359425385	0.177824226977	0.17886158759	0.186748801444	0.176490003738	3.34666375623	2.85074993358	1.69701241656	1.53035187876	0.34134219472	0.72339257447
46	Y	0.762229263913	0.8123209447	2.02442182953	0.16533033033	0.858129528985	0.213110947163	0.164616755263	0.21344723644	0.183610125313	0.217164344568	0.181175579059	2.64774893856	1.55478395171	1.67269817922	1.464159025	0.269230845855	0.174312000508
46	W	0.936674600101	1.27471294992	2.91895469184	0.589361071598	0.833494231503	0.325426176074	0.251374234388	0.242889712888	0.280377623789	0.292741364426	0.27666000586	3.31099052624	2.60826748115	1.71066468569	1.50725921727	0.288287634962	0.335631210789
47	E	2.1909893706	2.55973442187	2.49390484082	3.96393045938	2.23848664511	1.53029753091	0.598115746453	4.40737654274	0.570884777867	0.618116922498	1.38526623027	0.473000508001	0.669637042467	1.99262842635	1.75997273885	0.490525383943	0.648263759667
47	D	1.09267486925	1.15693880944	0.983277159752	0.992641380877	0.869274068324	0.346923472629	0.268699908684	0.260257611155	0.299160382572	0.312954153393	0.296413183124	4.91378817418	6.04045969143	1.31126636	0.80653114916	0.184333561773	0.408720883432
47	R	2.09025444035	2.66466029145	4.70715317457	5.63522107634	2.9367327541	5.47141847614	6.93155315152	8.80892932877	6.00598730432	16.6442972069	19.4715403848	0.417521073007	0.422426037827	1.77023981024	1.8298359837	0.510057545518	0.558325818682
47	K	2.38256906037	2.99819343839	4.07724357568	4.71721721722	1.68558776167	2.59792594058	3.8267041844	10.3485653464	0.42782702548	2.30828894236	0.438885536685	0.082354093746	0.120575618153	1.77023981024	1.8298359837	0.573784520134	0.913617594433
47	H	1.57288824659	1.82798127911	3.06441460097	4.51893539881	4.34011852686	1.35809234621	0.376179872157	0.364360655617	0.418824535601	0.43813581475	0.414978456374	2.92543558392	3.09386065254	1.4682781856	1.20545844341	0.606671716145	1.00451738851
47	Q	1.0	1.0	1.0	1.0	1.0	6.42376710238	8.51831420009	1.62339590034	4.20371783097	13.5998971725	11.2090370889	0.132178256286	0.261797782041	1.40410115407	1.40186102022	1.0	1.0
47	N	2.92044069001	3.60632571622	4.31663922755	6.66635759848	4.55770985402	0.411604120068	0.318796501828	0.308780216625	0.35493604712	0.371301537924	0.351676657944	1.17976625394	0.904001855843	0.186860371235	0.0909650414019	0.477113272187	0.644066734268
47	S	1.61956079384	1.74463187088	2.07337797751	2.57875706801	1.77884815989	8.68376387345	14.3366222161	25.1998727385	15.2051396298	12.0824981448	22.6928633544	1.02408276739	1.11670680116	1.85444114004	2.09559332863	0.6177020437	0.946296560402
47	T	2.59923906785	3.65491861367	6.25498846757	8.95845434987	3.81442650877	2.92218408625	0.420651657495	1.05630378496	2.38570423276	0.921911014824	0.837259454461	10.4107866786	11.4736812267	1.5385785403	0.818301376545	0.660189614001	1.42011343498
47	P	0.402893592052	0.376309554354	0.712960940345	0.393815287681	0.591549413177	0.558267657104	0.432390657652	0.418805351284	0.481407512185	0.503604384771	0.476986731464	0.0846594605746	0.0800665731645	0.355244842527	0.316294649682	0.161424962145	0.193403893906
47	G	0.586283280272	0.585921564787	0.720153787424	1.06134679686	1.09658969067	1.0	1.0	1.0	1.0	1.0	1.0	0.0846594605746	0.0800665731645	1.58367132414	1.63616031849	0.836622935138	1.85581237527
47	C	1.91325188681	2.35295918047	2.72062841654	4.94391736564	2.05090267367	1.24352905496	10.8777831948	6.57927172688	0.915116420055	6.27297872829	0.213906420811	0.0579680016824	0.0774127045729	1.15345434935	0.946686362729	0.483337880527	1.04795341276
47	A	0.526980727564	0.49164502383	0.516757676829	0.952952164762	0.833763646394	1.39306331054	4.82910912021	1.57591712996	3.2577597572	1.61378269718	4.45474510377	0.18044919938	0.126148564672	1.12653436162	1.14964622745	0.76817663358	0.929851904244
47	V	2.24380314543	2.94357287646	5.71496241207	10.9461003861	4.67922058316	1.82762749684	1.6154017072	0.343939244	0.279544278435	1.8376984729	1.81866671037	5.06457084262	5.37566501483	1.18470320012	0.560700088501	1.18809297275	2.69601155277
47	I	2.38306257622	3.24048276087	5.01745900414	9.15330023901	4.35719646554	2.20644093255	5.57348895819	0.619941173804	0.320528981327	1.52274194006	0.741253500262	4.48678095117	5.52556538828	1.1115438322	0.641926408142	0.611603264494	1.15704898516
47	L	2.29108815942	2.76560051673	2.44816052577	4.64177008224	2.87128639627	3.76269933106	6.60497355879	6.5201875365	5.57864614694	5.25485847899	7.16178533429	0.490220145514	0.499268991365	1.70996645616	1.57964043274	0.50476407152	0.711883699496
47	M	1.80539222371	2.28625820019	2.15434535223	4.0944506362	2.26475422082	4.82302379106	2.34981203301	9.82556763095	1.50424751873	16.6774501755	24.5296182005	0.0787860695244	0.0736255653535	1.86605827989	1.78317985102	0.270677305799	0.411079101849
47	F	2.19183893493	2.51740298112	2.57657876693	6.10096525097	4.28047219597	0.794863474406	0.159398250914	0.154390108312	0.17746802356	0.711465455607	0.175838328972	1.27845426112	1.51323237367	0.657867841821	0.305100875233	0.254779195306	0.711355500546
47	Y	2.20123338025	2.60530687873	3.28503799241	7.28649844535	4.21677808773	0.314163170044	0.213738563726	0.207023099782	0.237968486137	0.248940803836	0.235783213849	2.71157268387	2.60394210549	0.27249736896	0.0966160100296	0.457751086295	0.916611288247
47	W	2.28374055469	2.81388119561	3.94290270233	9.75510736301	5.87258567615	1.10084573033	0.394152475378	0.327591349646	0.413509072627	2.15952375133	0.565887992147	5.17017852793	5.37553684246	0.151875594658	0.0748817414969	0.190686341005	0.2885474825
48	E	0.0820150653621	0.068672231113	0.0988782921438	0.175957207207	0.513077445652	0.560646211489	0.432961711725	0.418389596591	0.482999784279	0.504167169107	0.476633827576	0.577027512854	0.306209889954	0.618429616036	0.609227320469	0.46744398551	0.516510504061
48	D	0.0711368167169	0.0622454679034	0.096515738291	0.133479891375	0.210519814853	0.46361129027	0.35802603085	0.345976012566	0.399403667769	0.416907466762	0.394139511265	0.0355617374804	0.0546753614362	0.204583343132	0.182485194137	0.0776411147192	0.212782731604
48	R	0.0720334651076	0.08049560882	0.107712307128	0.193064839032	0.648700067529	0.430496198108	0.332452742932	0.32126344024	0.370874834357	0.387128361993	0.365986689031	0.0497924228946	0.053246001801	0.215668212567	0.183059854475	0.11056991951	0.155418988791
48	K	0.0865477386716	0.100892930892	0.0950563319636	0.443997656193	1.3674259161	0.502245564459	0.38786153342	0.374807346947	0.43268730675	0.451649755659	0.426984470537	0.0392127546891	0.0501175235334	0.103823762948	0.0782122444533	0.209911744974	0.19012922962
48	H	0.0604590929137	0.0735444814105	0.061852404937	0.125822374098	0.705393830863	0.401796451567	0.310289226736	0.299845877557	0.3461498454	0.361319804527	0.341587576429	1.12620926029	0.681769193119	0.364887081223	0.386998351636	0.148221661806	0.18932636749
48	Q	0.0700524197583	0.102986145226	0.127291046859	0.21746850585	0.725088700464	0.339546297099	0.262216247946	0.253390882443	0.292520996113	0.305340679882	0.288665557546	4.35239409416	4.43215467501	2.6224912628	3.07520343299	0.102204425673	0.179367197755
48	N	0.0745592399744	0.0573119442546	0.0884662921428	0.161297883249	0.592382099092	0.415750545523	0.33809289874	0.353118652897	0.314681677636	0.412151476978	0.31053416039	1.47629327789	1.12508283575	0.470707516285	0.535711628547	0.201735727419	0.411016216602
48	S	0.114130352995	0.109189635549	0.184008242501	0.299633619795	0.756390669873	0.526236096483	0.378889183514	0.348208115873	0.44353362457	0.470247181093	0.404780351568	0.0766162361519	0.0387515082974	0.67045724525	0.713817497711	0.159708316045	0.281538949852
48	T	0.430603139596	0.467921647714	1.08144964021	0.642094594595	0.751913496377	0.752260514423	0.397393057486	0.383252352478	0.503374587104	0.55033853991	0.68161171164	0.12422581188	0.13471765299	2.2951590938	2.56345148256	0.283609035805	0.440952160878
48	P	0.0823434129833	0.0585135991822	0.0904553060788	0.176715500547	0.364541006366	0.408606560916	0.315548366172	0.304928011075	0.352016791932	0.36744386901	0.347377196369	0.0243370511238	0.0399961785506	0.0669852291417	0.0594250183438	0.15206602277	0.389983356251
48	G	0.0843212770287	0.0817231231828	0.128584052852	0.138172737956	0.421715829132	0.344396958486	0.265962194345	0.257010752192	0.296699867486	0.309702689594	0.292789351225	0.470119904473	0.46980952311	0.543795167016	0.528104166092	0.419848254765	0.374105782568
48	C	1.51464158456	2.14165773389	6.3176087987	3.97455176488	2.62426496792	0.332326505782	0.229843871656	0.22210805745	0.256407292889	0.26764429965	0.253027834392	3.7046313654	3.87827403973	1.39108303056	1.57983726594	0.241506399102	0.350179962493
48	A	0.21721887846	0.254182682269	0.448798704027	0.484420938658	0.497640600925	0.362523114196	0.279960204574	0.270537633886	0.312315649985	0.326002831152	0.308199317079	3.98757396325	4.69566001479	0.911766299397	1.05113891946	0.0814995274187	0.238984891384
48	V	1.33369790225	1.62914448689	2.3768839335	1.42495384273	1.20504115226	1.4878878781	0.860435636901	1.21987525131	0.610607893745	0.78945774448	1.28701126532	1.91253015393	2.23709030568	2.51977664844	2.90866671532	0.956177171362	1.45701408243
48	I	1.0	1.0	1.0	1.0	1.0	1.0	1.0	1.0	1.0	1.0	1.0	1.91253015393	2.23709030568	2.51977664844	2.90866671532	1.0	1.0
48	L	1.444260766	1.8214785881	3.13253312711	1.80068181389	1.60112218197	0.535546630275	0.288611809211	0.283082487481	0.306930897399	0.353427391829	0.30288553575	5.10198955676	5.58068331739	2.27047728965	2.65767930027	0.441629802932	0.6639329122
48	M	2.28198236715	3.11218869023	6.42672866116	3.44204204204	2.81442481884	0.606716466176	0.396701401728	0.237814602971	0.211928476775	0.416319856368	0.291467161643	3.04429454096	2.93774837966	1.70836239355	1.75251937769	0.317258793194	0.453390677733
48	F	0.11252843206	0.124299057684	0.227444456736	0.266046897962	0.439853627042	0.405307799143	0.299126576464	0.22210805745	0.305095635181	0.381745028713	0.333825922036	2.44156934665	2.59602251346	0.493701489374	0.554031488902	0.251989386217	0.316882049367
48	Y	0.0802674318922	0.0765804676017	0.1202013066	0.271469645938	0.787231289369	0.311812909143	0.211560836411	0.204440371062	0.236011258227	0.246354412177	0.232900620293	1.10583903769	1.08224722271	0.476407848636	0.526091402676	0.0797585996661	0.350749416922
48	W	0.0646842309182	0.0474809093377	0.0942480328192	0.168307857038	0.345937462877	0.293997403586	0.227040897612	0.219399422603	0.253280374683	0.264380344776	0.249942129095	0.216346603035	0.296301183061	0.442961646483	0.444539597015	0.086784896266	0.179367197755
49	E	1.3042947632	1.67646827297	3.63246056621	4.50510510511	2.43002196818	0.559768586973	0.37028733829	0.276570194908	0.319328867313	0.554495564449	0.315025652083	1.94699706765	2.58693281672	1.98695197844	2.07553165166	0.349027717845	0.852173552751
49	D	0.727503182598	0.869633730192	1.67400691793	11.5527565301	5.00060386473	0.386404416303	0.262018464144	0.253198065761	0.29234332923	0.581433767429	0.288403765992	2.47594572615	2.2724379567	2.19975576557	2.49970056691	1.689037067	6.40457908506
49	R	0.971188857636	1.14638609704	2.6753658456	1.11945711946	1.05204451346	0.609769544443	0.19131573817	0.272942515387	1.53413498405	0.503560609881	0.668923424085	0.488298546705	0.587780895282	1.09902891823	1.11959966258	0.542994255857	0.784967403742
49	K	1.09519120272	1.2524045474	2.18896586135	2.31246165084	1.9481859577	0.939042572242	0.429009200725	0.79393358073	0.617027874611	1.76824657403	0.840722978661	0.393379838242	0.721645412579	1.27068547057	1.42100177047	0.777360486744	0.933536217259
49	H	0.705761718586	0.873637102441	1.79704059816	0.821771771772	0.335687033377	0.396095738149	0.169121008675	0.163427842445	0.188694330685	0.19695207997	0.208927607928	0.950556252343	0.987026085157	1.27586807921	1.16804597213	0.973326763008	0.748832633563
49	Q	1.21206250807	1.37377369351	1.48478840332	0.871307156213	1.58378623188	0.850355025996	0.241601440964	0.233468346351	0.301039533631	0.84184779112	0.31401688912	0.986090623666	1.26594028035	1.16895052874	1.20019673722	0.489957309084	1.13474193346
49	N	1.0	1.0	1.0	1.0	1.0	0.690682208587	0.393362622839	0.204284803057	0.235867913356	0.290774346987	0.232689402107	0.408155628923	0.349482590663	1.01869079921	0.962498701427	1.0	1.0
49	S	1.33459410619	0.744135819726	0.588922102479	2.36254265165	2.10100378115	0.647919332042	0.519085901335	0.218608618354	0.292379347327	0.375258446608	0.226678974746	2.6069236388	2.70507324323	1.96409283231	2.03415551491	1.19521420394	1.23298200526
49	T	0.859627867444	0.689460128247	0.405258820932	0.952653952654	0.919931065312	1.0	1.0	1.0	1.0	1.0	1.0	2.6069236388	2.70507324323	1.96409283231	2.03415551491	0.495211789869	0.570579368745
49	P	0.0988055876832	0.0878065290851	0.183795706787	0.427325771367	0.30557980401	0.243465518356	0.201713661241	0.181586491606	0.241801208635	0.239447126098	0.213161714718	0.0257475479967	0.031168170289	0.101935849433	0.0929733332006	0.205813334418	0.254798405937
49	G	1.55407345337	1.58666741639	1.69945364182	2.37032565352	1.85245994447	0.30783275444	0.190803189274	0.184380129938	0.212885911542	0.330799234885	0.210017101389	2.73129450535	3.11221725293	2.11336558008	2.35326221568	0.923262643608	1.52574333711
49	C	0.991607575914	0.507818649272	0.488318366412	1.0059059059	2.20166566023	0.260988639634	0.161767921341	0.156322284078	0.180490229351	0.188388946059	0.178057977264	0.922296473568	0.985617344439	0.412234307753	0.355425256219	0.334312774446	0.567950219021
49	A	1.12316596864	0.593866020828	0.38984432817	1.69234234234	2.02726600242	0.751313131643	0.707361099062	0.723047871722	0.832992846693	0.750404628962	0.605191256615	2.10701573047	1.81835639165	1.59645167979	1.54266518186	0.740044108559	0.901300814403
49	V	1.48708635758	1.35251464997	1.00610481397	2.23793770676	2.75941882552	0.247211141715	0.190803189274	0.184380129938	0.254058235937	0.222202346633	0.210017101389	2.32190227888	1.59525378707	1.30528133402	1.14983790405	0.222981344001	0.427242746499
49	I	1.35710580371	1.54077183285	3.64038912864	2.12727906478	2.58367570307	0.582887593816	0.882466901269	0.493378593578	0.370341454362	0.620869789842	0.547614988145	1.10401452485	0.864140272416	0.999571587579	0.697022221761	0.230874157649	0.453896773386
49	L	1.30918721365	1.42484901039	2.47857378121	3.30259158589	3.01448158155	0.408469447247	0.200974615749	0.184695849339	0.213250442212	0.301363558281	0.210376719713	1.60739721048	1.19639711666	1.51044359371	1.3044121161	0.171424285122	0.429422686092
49	M	1.39625284593	1.41304884388	2.07611843827	1.5250531939	2.54498716408	0.544307587856	0.281868347792	0.272379737409	0.387935027331	0.328253466617	0.310252536142	1.05783118822	0.883487581551	1.57790664584	1.3106405552	0.309684487402	0.264468668203
49	F	1.45046766923	1.86654630009	5.28631752844	47.9166980935	65.9159588811	0.16855305117	0.130093083596	0.125713724958	0.145149485142	0.151501599977	0.14319347822	1.80731626624	1.20510802166	1.75476008971	1.41929516346	0.180374700383	0.35937984121
49	Y	1.25478281459	1.59866180527	4.02949252172	14.7503315816	17.4052938809	0.431565493586	0.159002657729	0.270350783503	0.218835143622	0.398657773631	0.175014251157	2.01397337515	1.08073010501	1.75417208696	1.49863942311	0.399303804525	1.14760541051
49	W	1.41854078506	1.47039906146	2.77642944184	1.43271498771	3.01550971673	0.185408356286	0.143102391956	0.138285097454	0.159664433656	0.166651759975	0.157512826042	1.16804499137	0.958356180885	1.62025880213	1.51586927385	0.3042852421	0.363939432644
52	E	-1	-1	-1	-1	-1	0.334480457744	0.258340545863	0.44816499347	0.288080446182	0.301018487079	1.36626527562	0.135195445922	0.0947885699326	0.307204200501	0.253501440733	0.332635642753	0.65575266244
52	D	0.137138736414	0.112637248032	0.214619038687	0.512048099602	1.39952455371	0.264643878655	0.204401311013	0.19779086052	0.227931781595	0.238168473293	0.225237627587	0.0100015169862	0.0145539270727	0.110179406012	0.085662894427	0.294673461176	0.704326933732
52	R	1.03672447259	1.26529696199	3.32143628011	2.69301094817	3.34576062585	0.298544540796	0.230584950027	0.223127706289	0.257129654443	0.268677657889	0.254090381534	0.0322823691467	0.0224623949233	0.261849881995	0.191789466608	0.418368841641	0.769013282556
52	K	-1	-1	-1	-1	-1	0.276811413305	0.213799072438	0.206884693188	0.238411403737	0.249118747927	0.235593380579	0.13651107157	0.0225515556056	0.208099234516	0.154892216245	0.248630732867	0.594275850337
52	H	1.90023409596	2.63932732459	6.69196653832	4.52425145734	4.04513999893	0.354155778788	0.273537048561	0.264690710402	0.305026354781	0.318725456907	0.3014209428	0.91479050668	0.656330579388	0.667345487061	0.560136042533	0.296899275565	0.750664232004
52	Q	-1	-1	-1	-1	-1	0.267584366195	0.20667243669	0.199988536748	0.230464356946	0.240814789663	0.227740267893	4.99056990308	3.72436572768	0.674404465742	0.502125154535	0.418898183449	0.60807555692
52	N	0.770856068922	0.95763506482	2.09740978483	1.68221659159	1.86740687273	0.227194273185	0.17547659719	0.169801587805	0.195677284199	0.20446538745	0.1933643784	0.00928753074256	0.00346685038271	0.0398834704666	0.022400252499	0.306007055837	0.731416431183
52	S	1.27499182775	1.64441518492	4.0538290911	2.81607495998	3.14765281775	0.284440074302	0.21969117286	0.21258623985	0.244981796753	0.333240128109	0.24208611154	0.290471476143	0.308352323049	0.104432439469	0.102117702865	0.27383176987	0.641016647554
52	T	1.65476396263	1.98648723537	5.47371330789	6.80135135135	3.96779891305	0.385321487321	0.297608308834	0.287983492917	0.331868674002	0.346773297115	0.327945985766	2.72916447737	3.97210366164	0.136988997454	0.109344034974	0.438253522629	1.105629489
52	P	0.181754638629	0.175203683557	0.207839717432	0.408286504326	0.654989955518	0.316876223126	0.244743675028	0.23682853036	0.272918317436	0.285175408811	0.269692422505	0.0242745926214	0.0298086401248	0.118245411633	0.0634896115651	0.455685288163	0.601538336992
52	G	0.410829753109	0.444893750394	0.8326966886	2.0704421663	4.19936490089	0.218767968699	0.175507847427	0.165903790422	0.198821396071	0.209732200875	0.197233202321	0.0849076116303	0.0808293862895	0.340043485234	0.285843572329	0.220630290275	0.609513692653
52	C	0.983935542986	1.12652609853	2.13390061079	1.0338990153	1.17665601377	0.227194273185	0.17547659719	0.169801587805	0.195677284199	0.20446538745	0.1933643784	4.33648785925	4.33613636756	1.72367150854	1.74009471333	0.24349945236	0.500442821336
52	A	2.30532365396	3.11781153708	9.62003534984	14.5958131816	8.48603880625	0.282939099021	0.36668642076	7.31466302348	0.426672442607	0.358523973494	0.261171713778	3.98048895739	3.17102429735	1.84065618104	1.96629449896	0.395019165769	0.812542336286
52	V	1.01583826351	1.23451510026	2.27636740797	1.54565151744	1.06078581694	1.0	1.0	1.0	1.0	1.0	1.0	3.98048895739	3.17102429735	1.84065618104	1.96629449896	1.31222520362	3.86031538264
52	I	0.78064618519	0.79060947035	0.720761724416	1.06661856031	1.55266154847	1.68260196531	2.49635098092	0.994693451951	0.342993577568	1.14262966003	2.85383834665	0.734519357814	1.15316742927	1.40253391821	1.3874314791	0.708512024144	1.93862003854
52	L	1.0	1.0	1.0	1.0	1.0	0.403781131715	0.22538383496	0.208504920203	0.227098229893	0.517454130494	0.837482877406	2.41052070774	2.09446385776	1.50179537926	1.5272505312	1.0	1.0
52	M	-1	-1	-1	-1	-1	1.41096989953	0.723930777768	3.71198093969	0.685829029748	0.853550577502	0.88941600587	4.88248108121	5.38263099697	1.44884378626	1.54488189212	1.18198731473	1.97900550131
52	F	1.61391325183	1.55594222392	1.31342445513	2.40905161918	1.84276463964	0.216960296915	0.167572245965	0.162152867634	0.186862992118	0.195255234862	0.184654271265	5.44500671311	5.59973259524	1.19731186211	1.14839640555	0.813843685177	1.17306910304
52	Y	1.0879503895	1.46733667304	3.97412958291	1.64414837373	0.922956215552	0.277220038653	0.19175793095	0.185556374302	0.213832908506	0.22343640278	0.2113054032	3.14818503528	3.00716903115	1.15540510394	1.07064677358	0.966158768541	1.21459938929
52	W	-1	-1	-1	-1	-1	0.197398302931	0.152463272968	0.147532527109	0.17001468955	0.177650254669	0.168005115659	3.83755017131	3.55669119319	1.1016952117	1.20152807514	0.325098136072	0.632152304652
111	E	0.0894174640023	0.0850686065374	0.0880262332656	0.521220380044	1.44485674705	0.86206633578	0.665188291628	0.642676444656	0.742916079036	0.772920992503	0.730657940841	0.0348722668323	0.00815307572762	0.0724937127894	0.0199771521822	0.255971359409	0.611186037593
111	D	0.0786893527928	0.0759873071285	0.0811830305675	0.324469435879	0.63665985799	0.669644459773	0.404897220991	0.453011754429	0.625676864253	0.470473647611	0.499185139719	0.0106839485374	0.0258988140606	0.0686147580007	0.031396410402	0.406032142269	0.36577406016
111	R	0.108058217165	0.0953387650046	0.110689495227	0.218808236808	0.487685041408	0.653419158272	0.615294138005	0.565753613517	0.689124935925	0.464628264303	0.55567669034	0.0321349533449	0.0277088480054	0.0375121079418	0.0293837929273	0.144396942758	0.33939859539
111	K	0.0869627251648	0.0804884980965	0.0912487881158	0.25057769634	0.46013725129	1.00574405841	0.776053006899	0.749789185432	0.866735425542	0.901741157921	0.852434264314	0.0110074835202	0.0214163248378	0.0378081937069	0.0383464458355	0.162035230551	0.350866058618
111	H	0.267459480021	0.155957380762	0.167377304357	0.26544470002	0.936141304347	1.0	1.0	1.0	1.0	1.0	1.0	1	1	1	1	0.122900803618	0.291488725621
111	Q	0.152456057438	0.124010112412	0.155022267562	0.317207207207	1.31299818841	0.719276099219	0.528091850649	0.497007638653	0.414696246016	0.534535734907	0.619913049375	1.51554511143	1.04923963181	0.36775619938	0.342057139745	0.329522786775	0.66362648893
111	N	0.141766793824	0.124275395524	0.141355096485	0.233347690319	0.583068089959	0.970126374961	0.557762013078	0.430793274312	0.637279651401	0.877252613642	0.586204617021	0.0273886302755	0.013342238391	0.11294650399	0.069226856997	0.404209360717	0.562826033415
111	S	1.47835800986	1.63723215719	1.95379426414	2.13240035287	2.53248908742	0.524736030475	0.404897220991	0.391194357617	0.452209787239	0.470473647611	0.444748311816	0.489976462619	0.223104202225	0.391076706973	0.368269513262	0.203819673138	0.386591768227
111	T	1	1	1	1	1	1.04947206095	0.809794441981	0.782388715233	0.904419574479	0.940947295222	0.889496623632	0.174985199726	0.135138351718	0.316359052127	0.325776788684	1.0	1.0
111	P	0.124103117437	0.0800967302805	0.112347243953	0.23257063882	0.560266386693	0.516206866398	0.416073111196	0.461755187203	0.503048308089	0.412224529335	0.463814527061	0.0175567209606	0.00620843943742	0.0362875666291	0.0299722676302	0.141459632035	0.38405609119
111	G	1.75663845518	1.82961349042	2.10496973985	3.7577027027	3.44812047101	0.497687781481	0.384026230218	0.371029700007	0.428900004392	0.446222428662	0.421823141104	0.242856026494	0.126083121623	0.0934561036947	0.0583604242822	0.161528915659	0.47085579783
111	C	1.05856143563	1.00359618314	1.20977655399	1.28338571129	0.943398213683	0.635206773733	0.490138741199	0.473551064483	0.547411847711	0.569520731318	0.538379535356	0.0590205612198	0.0220869976715	0.188173806813	0.184615192318	0.553713606496	0.630063893146
111	A	2.08868569565	2.52243575164	3.60661155273	3.82228584517	3.3875621776	0.482757148037	0.372505443311	0.359898809007	0.41603300426	0.432835755802	0.409168446871	0.553021068897	0.42773465739	0.116175150424	0.109395685466	0.651522420457	1.13807128579
111	V	0.157142426646	0.164964370375	0.138958695928	0.244514514515	1.291528281	0.508165418986	0.392110992959	0.378840851587	0.437929478169	0.455616585055	0.430703628285	0.814152045739	0.584286819358	0.125506827082	0.109247201772	0.172268453344	0.241360091279
111	I	0.209741586441	0.185371056265	0.300763200359	0.300285378546	1.05824669187	0.635206773733	0.490138741199	0.473551064483	0.547411847711	0.569520731318	0.538379535356	0.201852017128	0.134487470905	0.0789236588895	0.0613746595155	0.426104756048	0.670253611368
111	L	2.83381507615	2.80473097647	1.82168439816	6.10208658506	4.0784271618	0.55342999662	0.396282386501	0.403038451095	0.487794634288	0.517171244969	0.435285581778	0.49367202627	0.491719614665	0.493865313847	0.540718479753	0.650154352634	1.01149312662
111	M	2.40040462665	1.87758355942	0.896213695368	5.27049842049	3.43251811594	0.67049603894	0.517368671266	0.499859456954	0.577823617028	0.601160771947	0.568289509543	2.04738030129	3.14419335343	0.208894781437	0.244412448893	0.273144291208	0.630457317453
111	F	2.59306923919	1.8340023319	1.19342510475	7.70081644144	2.90918912289	1.41987396481	1.09560424503	1.05852590884	1.22362648312	1.27304634059	1.20343660844	0.238423739936	0.171802856649	0.193294132241	0.167106552616	0.320980780799	0.912506328005
111	Y	0.422874036497	0.516317809045	0.653072645714	0.860747160203	0.987018549148	1.65233622784	0.763451434433	0.625814148235	0.875919842959	0.664881995034	0.889650025388	0.0414089179641	0.0369368519934	0.0808182347526	0.0863511868876	0.143516325307	0.300122305772
111	W	0.0764536427167	0.0749816408813	0.0671805147256	0.111911911911	0.203697413446	0.46418956542	0.358178310876	0.346056547122	0.400031734866	0.416188226733	0.393431198914	0.296589376924	0.355897722461	0.0810985497323	0.125099238016	0.220840054379	0.296043236959
