mut	Input_count	rep1_no_antibody_fit	rep2_no_antibody_fit	rep1_300ng_FI6v3_fit	rep2_300ng_FI6v3_fit
V52A	1002	3.11305788157	4.84792003322	2.4712186311	3.87082996359
V52C	733	4.22831045954	4.44466525897	4.09129898217	4.58097375295
V52E	195	0.140808814323	0.129582077521	0.160817241695	0.0287598981702
V52D	630	0.00994040037724	0.0100626335951	0.00454115824409	0.0245666959013
V52G	912	0.10305135769	0.0667638655706	0.0690474904101	0.092611282169
V52F	1213	5.22251604492	5.66749738129	4.92291354231	6.27655164818
V52I	526	0.854568864158	0.614469851471	0.947907182546	1.358427676
V52H	481	0.76517984879	1.06440116457	0.707450272594	0.605210886182
V52K	250	0.0149937672622	0.258028375877	0.0114162185339	0.0336868926774
N46W	385	2.45695794526	4.16502310723	1.37582192895	3.84071303336
V52M	286	2.55703811376	7.20792404865	2.91872002	7.84654197394
V52L	1845	2.39886739028	2.4221740252	2.21248706451	1.97644065101
V52N	340	0.00367882266161	0.0148962388235	0.00280104677617	0.00413265398926
V52Q	392	4.49760876692	5.48353103924	2.82658405504	4.62214740032
V52P	674	0.0297357873211	0.0188133979216	0.0283009466866	0.0313163335631
V52S	1647	0.318948120793	0.261994831493	0.305441573425	0.311263072672
WT	10223	1.0	1.0	1.0	1.0
V52T	687	2.97573976316	2.48258919158	3.46660887475	4.47759844854
V52W	440	3.90282208589	3.77227825673	3.25316494311	3.86021744328
V52Y	731	2.48839183345	3.8079782371	2.07733588179	3.93700218052
V52_	576	0.0217413956258	0.0110043705347	0.0148984619689	0.0268658320862
T49G	1677	2.76688023282	2.69570877788	2.60476651149	3.61966799437
T49F	1195	1.96248271334	1.65214981915	1.13884097965	1.27137506367
T49E	576	1.7371375105	2.15685662481	2.39203083834	2.7818347951
T49D	450	1.68561859807	3.26627285423	1.62016644626	2.92470946713
T49C	745	0.886206681031	0.958386266106	0.633783767537	1.33745092134
T49A	864	1.8621392248	2.35189223613	1.91141812903	1.72529465427
T49N	550	0.339232850478	0.477078407367	0.305095505115	0.393869676211
T49M	572	0.969867343333	1.1457950331	0.768459606039	0.998515557063
T49L	2340	1.44256992581	1.77222449516	1.19425219762	1.1985420357
T49K	331	0.408083376451	0.378676300033	0.437300772597	1.00599005256
T49I	708	1.19962826759	1.00840078211	0.829868380274	0.898412164559
T49H	701	1.04003775366	0.861074751026	0.859913380093	1.11413879022
T49W	942	1.12543884873	1.21065113402	0.72117894897	1.1955334128
T49V	2057	1.92072975728	2.72307480048	1.66897200905	1.5215355651
T49S	2029	2.66715730303	2.54668997456	2.84853210807	2.5616143784
T49R	1939	0.430014546834	0.546582546575	0.515981692941	0.659580097622
T49Q	493	1.00561436626	0.966566881072	1.31092391206	1.22095664863
T49P	1002	0.0337696114112	0.0177254845821	0.0314259016672	0.0309104389107
T49_	734	0.0273083761112	0.00691104413446	0.0324883316555	0.00191732654468
N46_	352	0.0177688176715	0.0107923883261	0.00541165411146	0.0039921671681
T49Y	1031	2.06648594664	1.96146080366	1.20968036292	0.951779847098
I45Y	681	1.40898907939	0.958945374265	1.99294478124	1.58693913188
N46A	694	0.64980182725	1.0616035007	0.901558215311	0.744157192509
I48Y	808	1.15368606247	1.05799201291	1.01655146419	1.14794298123
N46C	783	1.35688493802	2.42156507368	1.14643200329	1.3822726058
I48_	809	0.0108411724608	0.00313556632026	0.00707523667165	0.00869898154529
N46E	288	2.10526673318	2.76830362151	1.59633497292	1.9017358271
N46F	1343	2.85337861525	3.83994889721	3.06232983664	2.63917003052
N46G	1073	1.82097953868	2.95601573489	2.11397399604	2.79878796746
I48S	1827	0.0240190090078	0.129213463296	0.0250807076763	0.0524223089185
N46I	737	1.36156815801	1.06341584593	1.05869699953	1.05406195895
I48Q	579	3.07779818066	5.62699000767	3.49949744859	5.36481190142
I48P	671	0.0373356704645	0.0113384317831	0.061118673927	0.0188736831742
I48W	967	0.231974851696	0.200718354375	0.241749434829	0.350852931293
I48V	1456	1.72889010531	2.09617020254	1.95554782694	2.51863278443
I48T	800	0.166010891294	0.0824407324654	0.158596597303	0.110838708678
I48K	562	0.0423358650525	0.0360896443256	0.0576826577671	0.0425523892997
Q42I	253	0.330905753345	0.369972136293	0.188023021786	0.144252402633
N46R	996	0.101918516285	0.0789709832516	0.153284967009	0.125799313862
N46S	1678	2.10848028881	2.10415362043	1.79483036294	2.52302587318
N46T	524	1.8661861525	2.21809961495	1.91031390135	2.064193758
I48N	358	1.52703932191	1.42554723388	1.41012028929	0.840045382207
I48M	743	2.75850385909	3.33008522283	2.41870389122	3.4567928681
I48L	1901	5.59172920981	4.61224990371	5.35179160006	5.80957503473
I48C	825	2.96306005734	4.44620267345	3.33264204823	4.42390603124
N46Y	801	2.27432890167	3.02116897546	1.74953311788	1.36003478554
I48A	835	4.42518801186	3.54995991464	3.78977943227	5.60154059731
I48G	754	0.546653557063	0.393586251883	0.500982983399	0.43863606282
I48F	1199	2.29465030675	2.58848838654	2.04005605381	3.15198897312
I48E	348	0.248020110043	0.906034915665	0.164210364012	0.448209415895
I48D	426	0.0205652217641	0.0505582531968	0.0268428182859	0.0825079045865
Q42M	100	0.770075927838	0.892705044942	0.453935976557	0.781358025534
I45Q	515	0.0534855186189	0.0467600442528	0.0703410157472	0.0273107560143
V52R	1076	0.0232957943845	0.0412689439088	0.0266060431942	0.0183187466525
Q42N	125	1.08522348817	1.63273417677	0.704996796925	0.458560598602
I45L	1754	2.00073242095	2.40087901169	1.62458318961	2.46997543692
I45M	537	0.487334595297	0.226600034446	0.403012319336	0.987512265608
I45N	452	0.0803087799131	0.0953129100001	0.120185311674	0.174210067503
Q42R	480	0.0599854597401	0.0897645493348	0.0933313444524	0.0673854578748
I45H	403	0.0558926076657	0.0408632590995	0.314445233761	0.125575396961
Q42T	138	0.712977004899	1.10545631313	0.467271026228	0.577887738052
Q42W	208	0.00600228960578	0.00607609741487	0.118823352715	0.00674275124563
I45K	384	0.00651677157199	0.092356680706	0.0520994700367	0.0988294682574
I45D	538	0.0279290210228	0.0659690576471	0.0177209081757	0.0601343325376
I45E	528	0.0118570749301	0.0240057534916	0.0361117939763	0.045287325474
I45F	804	2.67258468925	4.23722125487	2.39916441523	4.78089542016
I45G	1442	0.0234725712026	0.0140807136211	0.0324342970083	0.0136724117427
I45A	762	1.64907203564	2.39667402094	2.28211156104	2.37335122973
Q42_	154	0.0242802295666	0.00819293135295	0.0184869087227	0.0181836775527
I45C	671	0.0840052585451	0.154958567702	0.059697309417	0.060815201339
Q42A	304	1.98660042241	0.678670198794	1.79444240241	1.55708917536
Q42C	255	0.401825153374	0.257949323065	0.0783527186099	0.170649552033
I45_	788	0.0111297207773	0.0354092470387	0.00726355095569	0.0232193347711
Q42E	148	2.6268275209	1.32104144802	1.80774671201	2.26990874148
Q42D	204	1.13820978602	3.06635442954	1.28596740676	1.92480879461
Q42G	342	0.570550000894	0.462793134004	0.465047261698	0.205427844073
Q42F	418	0.0898194649838	0.106077929808	0.0638291041022	0.0874465638873
I45T	517	0.0678096501409	0.0269670809976	0.0608497671278	0.010882123632
Q42H	217	0.0287724432937	0.0815534909903	0.0131443617065	0.0193931423441
I45V	1486	1.31606355284	1.25111626562	1.53326135928	1.90867472147
I45W	819	0.0673134819692	0.171901687716	0.124636333807	0.116863391101
I45P	591	0.0021190515669	0.00429021743144	0.00161344079506	0.00238046454449
Q42L	602	0.201798370113	0.166372212963	0.198001026259	0.0864704732711
I45R	1540	0.0170954244515	0.012361171574	0.0347104407772	0.0100594322607
I45S	1305	0.0384220069711	0.0204195953705	0.0614342908549	0.0356085416088
H111I	415	0.186965549788	0.216738484469	0.082657813039	0.186317128771
H111K	343	0.0109402197175	0.011074747323	0.0305428094692	0.0122898402064
H111L	821	0.489887600197	0.497456452343	0.379971195706	0.603468033624
H111M	236	1.65675856178	2.43800204079	1.53147527956	4.7569114273
H111N	621	0.0282358511037	0.0265414094472	0.0153562210719	0.0113282557101
H111A	466	0.499642411424	0.60639972637	0.396788968802	0.458680345977
H111C	245	0.0560945683076	0.061946554132	0.015531007328	0.028642988015
H111D	236	0.00529315834433	0.0160747387305	0.0161207924164	0.0356768357048
H111E	144	0.0259547281574	0.0437898055071	0.00658728931498	0.00971886214026
H111F	285	0.219314427903	0.257533051969	0.220420834771	0.123184878526
H111G	344	0.312710589491	0.173001463496	0.18272567752	0.0694405657268
H111Y	396	0.0284390598198	0.0543787761084	0.0312771797449	0.0425965242419
H111_	348	0.00359449434845	0.00363869444042	0.00273683940021	0.0121137679972
H111P	1226	0.00613436932815	0.0289790725931	0.0101198372932	0.00229704158164
H111Q	454	1.35649106721	1.67459915566	1.04542453063	1.053054733
H111R	726	0.0293344359963	0.0349354706934	0.0302181703789	0.0251995256319
H111S	905	0.440313655385	0.539639269853	0.271998336947	0.174210067503
H111T	1137	0.216061328129	0.133909071322	0.14520400041	0.125072703026
H111V	299	0.802866257669	0.825437833809	0.506233183857	0.662340454859
H111W	95	0.169877300613	0.423301453236	0.139293721973	0.57250172295
G47Y	1471	2.652131235	2.77101413273	2.46121624586	2.74666796512
G47_	768	0.0424140984627	0.0165137107894	0.0360202231073	0.0238232186403
G47P	656	0.0630103370031	0.106308584146	0.042160656879	0.11797248945
G47Q	573	0.0917911117761	0.172565400796	0.189700160935	0.333895403146
G47R	1716	0.358735560312	0.476306585703	0.451710800202	0.393141275452
G47S	1706	1.14130354621	0.906861988566	1.14036898973	1.09304461259
G47T	850	9.32677514004	11.4947982172	9.6896239191	13.2577385344
G47V	2078	4.63294186386	5.49619982138	4.79783743909	5.95349259057
G47W	682	3.71751762793	6.62283942793	3.72553164948	7.02554203543
G47H	830	3.39358330934	2.45728785849	3.49304689903	2.69467440605
G47I	1263	4.26165411198	4.71190779037	4.90802562865	6.14310514791
G47K	413	0.0757535342758	0.0889546532162	0.0369142782869	0.20423695802
G47L	2215	0.47156164869	0.508878642337	0.524129445856	0.474408536874
G47M	343	0.0948152375517	0.0627569014971	0.0694154760663	0.0778356546407
G47N	719	1.17781595092	1.18171655695	0.803923766816	1.00407994487
G47A	806	0.0839428011038	0.276955597656	0.0864020537783	0.165895075566
G47C	1532	0.0703751815879	0.0455608217768	0.0610602616868	0.0937651474589
G47D	545	4.08509674375	5.74247960461	4.51337899768	7.56754038518
G47E	441	0.405860700108	0.540140315893	0.529442201165	0.809831883769
G47F	2285	1.27478286073	1.28212566151	1.49332062192	1.53314412542
N46V	1344	1.43448920109	1.55504273638	1.25910280561	1.64393288567
Q42K	53	0.0464621676892	0.11758373701	0.0176880916791	0.0521938892718
N46D	449	1.88450552147	3.23120109303	2.04403587444	2.14516884907
N46H	473	0.592833734566	0.747475350967	0.808054719873	0.921651589039
I48R	1582	0.0562653035124	0.0433195422768	0.069992549765	0.0364994538369
N46K	236	0.190553700396	0.144672648574	0.334506442641	0.0356768357048
Q42P	160	0.0155835841939	0.00788760471868	0.0533938668078	0.0262590374597
N46L	1840	1.23812465218	1.5175391588	1.28668616929	1.27451183716
Q42S	430	1.56882581527	1.13436932364	1.03050575885	1.34384127436
N46M	288	0.807380644066	0.870038281045	0.869225875526	0.711931873735
N46P	661	0.00757993068041	0.0153462762502	0.0115426821834	0.00212875379205
N46Q	240	0.905723086322	0.347774637928	0.59449602739	0.47364330223
Q42V	286	0.795522968727	0.867251757849	0.482570584835	0.928032811686
Q42Y	126	0.256822375731	0.0899932223414	0.142897496557	0.155348741297
I48H	479	0.995742331288	1.25667618929	0.614882286996	0.748656099242
