mut	Input_count	rep1_no_antibody_fit	rep2_no_antibody_fit	rep1_2ug_CR9114_fit	rep2_2ug_CR9114_fit	rep1_10ug_CR9114_fit	rep2_10ug_CR9114_fit	rep1_300ng_FI6v3_fit	rep2_300ng_FI6v3_fit	rep1_2500ng_FI6v3_fit	rep2_2500ng_FI6v3_fit
D46I	92	0.251538746756	0.428105421219	0.462684978175	0.512940449351	0.778941814893	0.730425564138	0.320371984888	0.139784946237	1.12739597943	0.154345878136
T111D	148	0.112844249016	0.0445344565697	0.0915675460163	0.0604070682407	0.0972370319262	0.0651290292088	0.299945583167	0.348993288591	0.502626203677	0.770693512304
WT	1377	1.0	1.0	1.0	1.0	1.0	1.0	1.0	1.0	1.0	1.0
D46G	303	0.589156079855	0.674234744164	0.731891610214	0.802360858056	1.48801801525	2.06959630591	0.73506401138	0.441885964912	0.886870709382	0.566611842105
D46E	73	1.29412861137	1.0162682747	1.43243243243	1.702826275	3.65471078555	3.82486359599	2.01314828342	0.527027027027	1.21445358402	0.775900900901
T111A	235	2.14044418469	2.03692720661	2.69936230911	2.34550919417	3.61525819737	3.59796490809	4.22931745305	3.41525423729	3.49069638909	3.2844279661
D46A	141	0.509664885867	0.508835786253	0.62822479431	0.621171838346	1.08832433855	1.07065397077	0.314731633041	0.305164319249	0.316442131047	0.303257042254
I45Y	197	1.58390804598	1.41500613411	2.32163216322	1.97287044184	6.77259747003	6.28160715133	154.314933115	104.897306397	702.389657444	619.114057239
I48Y	328	0.0955455402998	0.0649893234846	0.0765596316471	0.0766013035563	0.102754026645	0.137648586555	0.384884580629	0.158054711246	1.13816571957	0.436296859169
I48_	324	0.184445623342	0.120235420011	0.103335872049	0.13293272371	0.153551401869	0.179154929577	0.458378378378	0.253333333333	0.737391304348	0.309166666667
I48S	867	0.126330843795	0.101929862195	0.128165351097	0.0902139200005	0.196590077092	0.17142640791	0.334674305642	0.264592933948	0.983595471849	0.529185867896
I48R	1115	0.0720553701644	0.0720115600507	0.0771141630292	0.0838770546109	0.109628848022	0.105795766234	0.226930155962	0.159199522103	0.885811126695	0.411589008363
I48Q	240	0.0728001144656	0.067304725051	0.108869808143	0.0971024823089	0.09351611277	0.161065980948	0.309072558035	0.125864453665	0.497203680318	0.952973720609
I48P	427	0.0802771511441	0.0844096748224	0.0686592023688	0.0483679959955	0.101553629138	0.0793569830196	0.191437231624	0.16199376947	0.594930922389	0.134151090343
I48W	487	0.0659129451668	0.0634555166697	0.0451631228697	0.0497986958058	0.0890675271947	0.0994285384438	0.16789986708	0.168715846995	0.368317890235	0.323557035519
I48V	1214	1.30021853271	1.3671772718	1.53668255714	1.72160641664	2.23386408215	2.51990378485	1.4161628295	1.43374485597	1.41769547325	0.992386831276
I48T	519	0.431591511936	0.429614767255	0.518697638995	0.417145656434	1.06495327103	1.09794600939	0.759189189189	0.525	0.979347826087	0.524479166667
I48K	245	0.0861788617886	0.0869166155546	0.106657007164	0.0951288546197	0.117791201276	0.0723214626512	0.817534607779	0.070460704607	1.21774478614	1.51710704607
I45T	251	1.27640941434	1.41899581306	1.81581015244	1.98228670959	4.93803775404	6.02663201431	12.1483912484	11.9510582011	4.22006556246	5.6960978836
I48H	260	0.0644206632316	0.0564975225959	0.0884640188157	0.0586249440052	0.0493429297812	0.0743618800928	0.0856166511339	0.166028097063	0.860819590205	0.54996807152
I48N	245	0.0861788617886	0.0629396181602	0.0341302422925	0.0804936462167	0.124335156903	0.0525974273827	0.181674357284	0.140921409214	0.42621067515	0.758553523035
I48M	311	2.66874447392	1.89522026039	3.7405432851	2.48383409536	7.17192367601	5.68153364632	4.10630630631	2.77777777778	3.69655797101	1.93229166667
I48L	953	1.48735632184	1.40116521015	1.8701870187	1.77277015749	3.09644340602	3.1686228482	1.92072072072	1.68064290706	2.1038647343	1.09837962963
I48C	609	1.37218767665	1.65709549246	2.00954390521	2.27377156257	5.39947142638	7.23574617102	3.73653522375	4.21256830601	2.84832501782	2.40020491803
I48A	648	0.210637054354	0.223800702567	0.268440403362	0.239924961177	0.436559480437	0.461037927617	0.608287177779	0.360554699538	0.530816640986	0.464464560863
I48G	1379	0.084227886057	0.0844146680004	0.0806141483714	0.0828320979941	0.143483340106	0.113684765598	0.172722287505	0.103623188406	0.520982986767	0.322448671498
I48F	563	0.128319882612	0.0967369815087	0.165613369848	0.0829847455193	0.228342281434	0.226546632038	0.316963772283	0.215130023641	0.345243601603	0.534463652482
I48E	415	0.0931366047745	0.0708935259497	0.0832539984768	0.0540904637492	0.112222546729	0.0855340375587	0.268581081081	0.0833333333333	0.612092391304	0.4140625
I48D	417	0.0699554528956	0.0723181805382	0.0728125444123	0.0516783913944	0.0924294593749	0.100602017207	0.142557868874	0.124401913876	0.21499895985	0.206040669856
I45P	235	0.0836353009936	0.053110065203	0.0578117133747	0.0686490495854	0.0477486931728	0.0616793984244	0.220934493816	0.0918079096045	0.634672070744	0.912341101695
I45Q	152	0.817038539554	0.775843920589	1.14553808322	1.0353692533	2.93554150632	2.70618920495	32.2287934994	23.0261437908	219.387468031	126.091503268
I45S	551	1.59317841079	1.36372430425	2.30624910317	1.89796382018	6.54424014628	6.19406171327	112.822737955	79.8997584541	326.10278828	259.129113829
L52G	434	0.440301228696	0.381358277523	0.509070217367	0.380717283422	0.858566978193	0.806826399007	2.51712954334	1.62375478927	5.16491754123	3.23381226054
L52F	295	1.78313140727	1.44469509638	1.54589242708	1.56599202076	1.45753346805	1.1693154422	2.9442293645	1.87387387387	2.3277027027	1.35782657658
L52D	232	0.119224507918	0.15505296491	0.117112140399	0.108162355665	0.241817416068	0.187420661307	0.447558287902	0.576537911302	2.12138458668	0.677664520744
L52C	300	1.03462023141	0.933250854562	1.10180586165	1.15124633542	1.9948846524	2.27291656918	1.08883900512	0.978959025471	1.54261158457	0.810700442968
L52A	189	2.19310344828	2.41754385965	3.07118290776	3.16444016639	8.66757255288	10.5724981468	15.2109246088	13.9807017544	8.43512585812	8.53695175439
L52N	191	0.681537356322	0.860174781523	0.907384488449	1.00788564119	1.84457749221	2.35024207746	1.78457207207	1.57986111111	1.71625905797	2.0185546875
L52I	205	0.741680616003	0.819611754378	0.825338844564	0.755880096136	0.664243262862	0.77728018597	0.976279191813	1.1569579288	0.945230054875	2.16009304207
L52H	135	1.88133874239	1.91912944953	2.77038439138	2.50827025781	6.54578408466	6.83814899199	4.87448330684	4.17401960784	4.18510230179	3.90517769608
L52V	357	1.0822577538	0.949418773221	1.28989435256	1.17913584797	2.18089202736	2.37184278858	1.74772761588	1.34357541899	0.878613067768	1.24295856611
L52T	129	1.63076923077	1.67875869449	2.13130236101	1.84167210973	5.49813084112	5.44929577465	6.3027027027	7.3	4.95434782609	2.98125
L52S	286	1.31688093236	1.23310272314	1.75526960362	1.53356076623	3.97124621446	4.13641196774	3.32204539034	2.31010452962	3.44447810938	2.85082752613
L52R	222	1.10802535952	0.965423585668	1.3883585668	1.14223535718	3.23406395373	3.4088086065	3.30679917586	2.07922272048	3.02251900955	3.66900224215
L52Q	0	2.19310344828	0.737292669877	7.34653465347	2.70019595036	3.21962616822	1.61737089202	7.44864864865	4.33333333333	14.9782608696	14.3541666667
L52P	100	0.17371116422	0.189798113038	0.207822762474	0.142584604639	0.143448690663	0.272230744201	0.516242975649	0.300330033003	0.74149806285	0.568481848185
L52_	0	1.46206896552	0.737292669877	1.0495049505	0.900065316786	1.60981308411	1.61737089202	7.44864864865	4.33333333333	14.9782608696	14.3541666667
L52Y	212	0.967848470131	1.20805230886	1.37963092084	1.55504242525	3.642863411	4.30539575481	1.53868798376	1.74960876369	0.632884262094	1.21302816901
I45L	682	1.11100116121	1.43680313852	1.57195251004	1.76323190902	2.79301391607	3.27026237464	1.79945391951	1.87798926306	1.27194601821	2.37484748658
Q42P	47	0.0609195402299	0.0460807918673	0.0874587458746	0.150010886131	0.0670755451713	0.134780907668	0.31036036036	0.0902777777778	0.312047101449	1.19618055556
I45N	187	1.04211298606	0.964755302073	1.65799452286	1.41233653432	4.62393119905	3.95739686345	42.552386429	36.5106382979	89.8695652174	102.387965426
Q42R	180	0.920861116403	0.61916290509	1.06690006017	0.999520047923	2.17902876026	2.01947967733	3.70374794684	2.80110497238	4.46865241412	1.90331491713
I45H	136	1.52610118299	0.963323999328	1.99942183999	1.74757207493	6.18074220615	4.97016894555	79.923456303	42.5742092457	138.958901936	76.9048053528
Q42T	28	1.73935790725	1.01695540673	2.46090815978	1.4587265479	4.38535288431	2.67702768334	4.62329916123	1.64367816092	8.78035982009	3.95977011494
Q42W	92	0.102187615869	0.142701807073	0.124134994145	0.0580687301153	0.225027635414	0.226084103185	0.160185992444	0.139784946237	1.6105656849	0.154345878136
Q42V	101	1.02488167681	1.40230174467	1.14210832848	1.65894391721	2.76193421294	3.93243118844	4.96576576577	10.7058823529	5.13959931799	3.65890522876
Q42Y	66	0.327328872877	0.198078627728	0.313285059849	0.107470485586	0.528595341052	0.21725877654	0.333521581283	0.323383084577	1.34133679429	1.28544776119
I45E	211	0.913793103448	0.838148742643	1.04455445545	1.04016982364	2.74123831776	2.96009389671	29.7594594595	20.6446540881	147.733695652	126.817708333
I45F	237	1.30541871921	1.26083242286	1.97112904568	1.70180417039	5.91843045629	5.58604568588	129.756711333	102.670868347	469.864267446	487.981355042
I45G	610	0.574298775326	0.515260180094	0.78669929186	0.631960754339	1.56502286737	1.5088402757	10.7280046003	6.87234042553	18.9250693802	13.0385638298
I45A	390	1.6546432666	1.61035278792	2.40500367172	2.10398900139	6.19222219566	6.75490196078	80.0682104099	61.2097186701	72.2097742689	63.5107630009
Q42_	78	0.138804015714	0.195989190727	0.0929941095375	0.0911458548644	0.122264284869	0.245676591193	0.282860075265	0.603375527426	0.379196477711	0.363396624473
I45C	276	0.873546620192	0.718660725151	0.954784287093	0.893566650239	2.24327743851	1.93850951679	2.87727583179	2.56558363418	1.83848689374	2.17644404332
Q42A	42	1.59807538091	1.50887802207	2.31867372784	1.88385763979	4.00581395349	4.32552680424	2.59836580767	2.01550387597	4.17997977755	1.33527131783
Q42C	99	1.03075862069	0.884751203852	1.23841584158	1.14308295232	2.20544392523	3.25091549296	10.2791351351	6.41333333333	7.18956521739	10.9091666667
I45_	201	0.177330146808	0.233597677585	0.176649348103	0.173774986904	0.326744239845	0.32827825036	0.58999197217	0.386138613861	1.33469651313	1.06590346535
Q42E	56	0.872111312765	1.24175607558	1.25204099357	1.15271523027	3.38908017708	4.45486368503	1.56813655761	1.90058479532	0.262776506484	3.02192982456
Q42D	53	1.34022988506	0.887481917444	1.74917491749	1.65011974744	5.36604361371	4.43279429664	57.9339339339	34.4259259259	165.038244767	125.731867284
Q42G	176	0.916890707189	0.912243472899	1.16809308049	1.06787410466	2.50112202334	2.32097291849	4.20827607268	4.40677966102	3.89265536723	2.59510357815
Q42F	83	0.139244663383	0.245764223292	0.137435172089	0.267876582377	0.210808856253	0.385088307624	0.177348777349	0.619047619048	0.1783126294	0.512648809524
Q42I	26	1.0288633461	1.9114995145	1.0495049505	1.90013789099	3.51773970232	4.79221005043	14.6214214214	11.7160493827	11.0950080515	23.9236111111
Q42H	57	0.277288941736	0.584749358868	0.271423694094	0.356922453208	0.416330970029	0.641371215801	0.256849953402	0.224137931034	0.258245877061	0.247485632184
I45V	600	1.04485627403	1.06361521595	1.07046012422	1.27746375244	1.37142146267	1.33211080125	2.37960156496	2.11259012757	1.57010055704	1.07477121464
I45W	310	1.35629227187	1.14031438653	1.9775237974	1.68726070639	5.3625927818	4.93012091844	65.2894412097	51.3172561629	114.48014819	102.140742229
Q42M	35	0.873180076628	0.471048094644	0.495599559956	0.625045358879	1.38622793354	1.61737089202	3.51741741742	1.08333333333	1.2481884058	2.79108796296
Q42L	144	0.332746730083	0.406782162691	0.267804711506	0.409684902813	0.555107960039	0.457325562571	0.513699906803	0.388505747126	1.13628185907	1.18793103448
I45R	608	0.763444878546	0.646493079991	1.14773447788	0.982829943617	2.67509169314	2.29459515715	17.1600230773	12.0251778872	30.5959877204	17.5361247947
Q42N	56	0.8592861464	0.814902424601	1.4729894042	1.18429646946	3.19138383342	3.43336627955	17.2495021337	12.7719298246	12.3504958047	15.1096491228
Q47A	380	0.533405738076	0.520555717052	0.451755411762	0.531534635897	0.485901587068	0.547613766589	1.21211605306	0.693788276465	1.140077599	0.527449693788
I45K	175	0.340595611285	0.251349773822	0.447232223222	0.271042396532	0.503066588785	0.624893299189	1.05804668305	1.18181818182	5.19132905138	5.62748579545
N49I	167	1.30106732348	1.41314428393	1.51178689298	1.56975677273	3.54542167334	3.73535658395	2.21685971686	2.0376984127	3.03131469979	2.13603670635
I45D	164	0.172789968652	0.147458533975	0.152655265527	0.0927340023356	0.29269328802	0.23525394793	0.54171990172	0.236363636364	2.5417654809	0.869949494949
Q47_	165	0.290652264229	0.239842193815	0.271859716092	0.30363649241	0.310325413805	0.31178234063	0.89742754803	0.313253012048	3.06783656365	1.64294678715
D46_	95	0.266522988506	0.222723827359	0.163985148515	0.168762246897	0.301839953271	0.320104655712	0.853490990991	0.315972222222	0.312047101449	0.299045138889
T111_	85	0.0425020048115	0.0514390234798	0.036610637808	0.0209317515532	0.112312540752	0.0940331913964	0.0866121935889	0.151162790698	0.174165824065	0.333817829457
T111Y	183	0.437031484258	0.408716588736	0.587494619027	0.445140999063	0.761161621292	0.544983670137	0.850117508813	0.871376811594	0.569825141777	1.40421195652
D46Y	119	0.633563218391	0.890895309435	0.874587458746	0.750054430655	1.71713395639	2.33170970266	0.186216216216	0.144444444444	0.998550724638	0.717708333333
D46V	169	0.292413793103	0.4206905234	0.34571927781	0.492388673301	0.852253985706	1.13215962441	0.306709062003	0.356862745098	0.264322250639	0.675490196078
D46W	151	1.01479128857	0.858557911633	1.39473684211	1.15468905772	3.07135391048	2.76655547319	0.637055476529	0.541666666667	1.47811784897	0.188870614035
D46T	61	0.825361512792	0.677833583597	0.964867454487	0.769410674027	1.76560144709	1.61737089202	0.480557977332	0.349462365591	0.724754558205	4.86189516129
T111W	71	0.0812260536398	0.0716812317936	0.0874587458746	0.0625045358879	0.0894340602285	0.0449269692227	0.103453453453	0.12037037037	0.208031400966	0.199363425926
D46R	216	0.272874622597	0.197064400244	0.256330702195	0.186649489656	0.437691115035	0.439746002899	0.171627849047	0.219662058372	0.207072730916	0.529185867896
D46S	180	0.799695180034	0.708778588721	1.13068212899	0.924928999571	1.84995094749	2.25180919773	0.617291324474	0.574585635359	1.73780927216	1.90331491713
D46P	49	0.0731034482759	0.0147458533975	0.10495049505	0.0540039190072	0.193177570093	0.129389671362	0.148972972973	0.606666666667	1.19826086957	0.574166666667
D46Q	47	0.517816091954	0.921615837346	0.502887788779	1.40635205748	0.905519859813	2.19018974961	0.465540540541	1.08333333333	1.2481884058	0.299045138889
D46N	77	0.796640141468	0.78455502051	0.686214775324	0.507729153059	0.82554517134	0.6220657277	0.859459459459	0.277777777778	0.576086956522	0.552083333333
T111M	153	2.37348858039	2.42732067291	1.74463160602	2.01053551282	0.742186551766	1.05024083897	4.88515268515	5.65584415584	3.69593450028	3.1691017316
T111N	250	0.163099326831	0.120434260817	0.133801427952	0.114749363096	0.173167144506	0.109543048463	0.207731237213	0.258964143426	0.537069114845	0.629067065073
D46M	57	0.466349583829	0.775428497629	0.904745646978	0.791436744071	0.832661940058	1.61737089202	0.770549860205	0.597701149425	0.516491754123	0.494971264368
T111H	187	0.27608217168	0.258836788361	0.139561828523	0.172352933002	0.162693875522	0.172060733193	0.277343300748	0.253546099291	0.95605920444	0.916223404255
D46K	75	0.125045372051	0.223128044831	0.317613340281	0.296074117364	0.465998524348	0.383061527057	0.196017069701	0.228070175439	0.394164759725	0.566611842105
D46H	62	0.348111658456	0.222358106788	0.383152600974	0.157154261661	1.0476561341	0.256725538416	0.354697554698	0.206349206349	1.66425120773	0.455687830688
T111K	176	0.119774011299	0.0541514390305	0.0948705039996	0.0661064921934	0.0545699350546	0.127927641177	0.378744846541	0.122410546139	0.676983542127	0.243290960452
D46F	124	0.70764137931	0.754987693954	0.948752475248	0.820859568909	1.7128411215	1.90202816901	0.417124324324	0.277333333333	0.958608695652	0.689
T111E	118	0.098290350623	0.0805445773815	0.079374323987	0.0907628890877	0.13527841043	0.0407740561013	0.751124233477	0.291316526611	2.76909024479	0.1206232493
T111F	95	2.45201149425	2.73412698413	1.85849834983	1.80950631396	1.1738220405	1.21302816901	8.22454954955	7.17708333333	3.27649456522	2.54188368056
T111G	219	1.83090909091	1.68236781945	1.90819081908	1.75103616175	2.11470900595	2.09523047375	4.02904176904	3.48636363636	4.22114624506	2.67509469697
D46C	162	0.296001692405	0.303058950195	0.373443479317	0.331312386547	0.622197695086	0.893026872894	0.365577847786	0.159509202454	0.918911709789	0.704498977505
T111C	85	1.05404971933	1.06307315192	0.939673037071	1.06751932921	1.38518800261	1.03436510536	1.5590194846	1.00775193798	1.21916076845	0.667635658915
N49K	184	1.11433364399	1.07604876144	1.42959593257	1.07521316222	2.30594847184	2.07198325086	2.65735573411	1.96756756757	2.2669800235	1.62939189189
N49D	158	0.662068965517	0.792937399679	0.884488448845	0.854779011539	1.8730529595	1.47496087637	12.3675675676	10.7379454927	3.86231884058	6.13888888889
Q47H	163	1.71614802355	1.42962846964	1.85583192466	1.80013063357	3.2392580351	2.88957116684	4.67811470007	4.35975609756	2.46593319194	6.21430386179
Q47I	244	2.54220971147	2.22391544098	3.58973530006	2.89123022168	5.49307648293	4.54184152534	10.4889134032	7.81768707483	5.25767524401	3.45671768707
Q42K	31	1.25646551724	1.08289860888	1.1478960396	1.12508164598	3.06870619159	3.13365610329	3.25878378378	0.541666666667	0.468070652174	1.79427083333
N49A	299	1.14285057471	1.10348136258	0.650693069307	0.537038972349	0.43464953271	0.345039123631	1.73801801802	1.64666666667	1.99710144928	2.05743055556
N49C	179	0.873180076628	1.1100350752	0.495599559956	0.520037738588	0.590264797508	0.386371935316	1.24144144144	0.77037037037	2.32995169082	2.07337962963
Q47R	607	2.06685571688	2.11365316381	2.7445935383	2.58472704459	4.52495158018	4.88935476896	5.78250355619	5.48793859649	3.27649456522	2.59697094298
T111I	160	0.213407581923	0.206075590959	0.169485271509	0.201256841021	0.259969814826	0.341556585892	0.277589390633	0.32298136646	1.58155549554	0.534937888199
N49_	198	0.191024085947	0.233414262323	0.126573461366	0.194486475487	0.242685389565	0.178804822233	0.449164742632	0.304857621441	1.80642342146	1.29836683417
Q47V	629	2.24764094143	2.23996534944	2.96693383624	2.92021191668	5.36093309598	6.06899172815	11.4922007722	10.4	4.77877846791	4.57966269841
T111V	179	0.129961685824	0.184323167469	0.174917491749	0.155011249002	0.134151090343	0.143766301513	0.248288288288	0.240740740741	0.748913043478	1.83414351852
Q47C	289	2.05445897741	1.77204479622	2.4247183339	2.28120002703	2.8088462778	2.63241055529	5.59932898416	4.28850574713	2.22091454273	1.8808908046
I45M	204	0.738166526493	0.798434013233	1.11605892297	1.13276513039	2.61496466834	2.7692545517	4.75986816084	4.71382113821	3.87242841994	10.4330284553
T111P	351	0.122531347962	0.125674886911	0.0834833483348	0.0767101122261	0.0960399851317	0.128654502774	0.317414004914	0.147727272727	0.468070652174	0.652462121212
Q42S	117	1.30718877849	1.23090386412	1.59204564524	1.29670426995	3.20598368446	3.16620911912	2.46184150252	2.0197740113	1.39627855564	1.33810028249
T111Q	129	0.157453580902	0.147458533975	0.137242955065	0.110777269758	0.210514018692	0.0995305164319	0.401081081081	0.233333333333	2.07391304348	0.552083333333
T111R	349	0.100256157635	0.115860276695	0.0929561527581	0.0977213772511	0.0919893190921	0.129389671362	0.276664092664	0.160952380952	0.770310559006	0.20505952381
T111S	336	1.41868412975	1.53803188998	1.55712900667	1.7173353077	1.84388086192	2.06370766637	1.83453364344	2.43026706231	1.95561862985	3.109359545
Q47G	810	0.553458905566	0.619107654977	0.575868930913	0.595974198661	0.758259677103	0.682047897744	1.10214283334	1.02055076038	0.812630676031	1.3805487053
N49M	198	1.42166002426	1.37084566761	1.36066470969	1.46543297808	1.92530409055	2.226932786	1.72179818009	1.32830820771	2.70963513218	2.38033919598
N49L	526	1.38022639534	1.23814803196	1.45775640183	1.39194161894	2.46817641739	2.48897114502	3.50524642289	3.09993674889	3.49587492781	2.53308823529
N49V	432	1.45531576013	1.51885695504	1.30400384149	1.40102545846	1.02983423626	0.982375391688	2.4943511641	1.98152424942	3.56295812833	1.95587952271
Q47F	321	2.00693938745	2.3767384824	2.34020047968	2.69460548255	2.20974342602	2.94341410784	5.62118516032	6.58074534161	4.32601944369	4.23492494824
N49H	65	0.841797283177	0.569726153996	1.06540654065	0.681867664232	1.75615972812	1.8379214682	0.790008190008	0.853535353535	0.453886693017	0.217487373737
Q47D	237	0.927615184005	1.2577345545	1.05832431983	1.25555329905	0.892837508835	1.07371681067	1.2205768794	0.764705882353	1.1957435148	0.542804621849
Q47E	241	2.03300085494	2.34897788626	2.49365845675	2.62581038699	2.41471962617	2.57309005548	3.97056064329	3.95730027548	2.10438375853	2.37258953168
N49E	173	1.17637732858	1.43221219781	1.3872766587	1.96565988723	2.82179879686	4.44312233555	3.38185771979	5.62835249042	1.80772113943	3.05232279693
Q47K	116	2.08063660477	2.68450151596	2.72691884573	3.26946803106	3.26090342679	4.89358372457	4.13813813814	5.2962962963	1.40821256039	1.96296296296
N49G	487	1.54895421142	1.55919269531	1.60006492453	1.57326990824	1.74176497625	1.6571423074	2.39638901196	2.34426229508	2.08713471133	1.6177851776
N49F	214	1.62867682438	1.27225851407	2.07948422749	1.6536083727	5.7054770702	4.86715798668	57.3372721559	38.496124031	71.4776541962	60.3542635659
Q47N	136	2.9401459854	2.90073539463	3.86861313869	3.34403829375	4.31241899175	4.32085946335	6.08940619452	7.24330900243	5.02919708029	4.08622262774
D46L	238	0.458808252777	0.394868040771	0.469862048966	0.49710720425	0.882366167442	0.886508731609	0.218161257492	0.489539748954	0.626705475714	0.180177824268
Q47L	550	2.28332185994	2.29885445889	2.76566458824	2.76553644523	2.46292637007	2.43339468146	5.02885171923	4.25468844525	3.3979720666	2.34460072595
Q47M	193	1.7371489513	1.87363549613	2.33163213229	2.24088426808	2.09939541382	2.20929529064	3.87790470883	4.31099656357	2.16181084715	2.3676975945
T111L	328	2.86636620899	2.8012639433	2.90926600259	2.70019595036	1.96700565293	1.6763631434	6.31663517621	5.88753799392	4.14292321924	4.01393110436
Q47S	520	1.67113640876	1.56798517893	1.85325250375	1.636011238	2.12581842969	2.02093752534	2.48764849302	2.66986564299	2.06993240424	1.48776391555
Q47P	162	0.452972286863	0.352814897242	0.360566117961	0.392052990747	0.622197695086	0.803724185604	0.54836677168	0.239263803681	0.918911709789	0.264187116564
N49Y	143	1.1117816092	1.39778401998	1.51595159516	1.68137201539	3.54382463655	4.51516040689	14.8455705706	14.6550925926	17.2666062802	17.5439814815
Q47W	265	2.31402644542	2.25345466395	2.92756644085	2.70019595036	3.97006535029	3.91574005436	10.696931518	8.81328320802	6.02508989866	5.72008145363
Q47T	267	2.69773546063	2.50074267507	3.81032954042	3.49950768691	6.53536058028	5.97461635485	9.97785397338	7.93905472637	4.41523361454	3.21361940299
N49T	230	0.873443797582	0.845811937305	0.736016458789	0.642903797705	0.35541327831	0.455104363555	0.967356967357	0.937950937951	0.907773386034	0.932088744589
N49W	219	1.34909090909	1.48799066102	1.43114311431	1.50965500861	2.63423959218	2.91861929151	1.38815724816	1.47727272727	3.81264822134	2.21837121212
Q47Y	225	2.10576747025	2.29669929024	2.33120126172	2.87941249574	2.96319576545	3.60688021937	7.38273140397	7.19026548673	5.76596767988	2.66758849558
N49Q	105	1.20689655172	1.21722846442	1.40594059406	1.34160679295	1.23014018692	1.73943661972	0.843243243243	0.899371069182	1.27173913043	1.89583333333
N49P	192	0.121207789887	0.0764033854795	0.0870055917509	0.0886074664194	0.241889012639	0.125702400934	0.540316482285	0.314335060449	0.388037846362	0.223121761658
N49S	366	1.49393967866	1.17524853373	0.72064100143	0.767630638022	0.688666632713	0.489177572245	2.65878194271	2.06630336058	3.22420329345	0.977804268847
N49R	384	1.05762651142	0.884751203852	1.17762633406	1.11514586002	2.96038354169	2.3903481495	1.45103545104	0.787878787879	1.28385093168	0.820238095238
