mut	resi	aa	Input_count	fit_no_antibody	fit_2ug_CR9114	fit_10ug_CR9114	fit_300ng_FI6v3	fit_2500ng_FI6v3	resist_2ug_CR9114	resist_10ug_CR9114	resist_300ng_FI6v3	resist_2500ng_FI6v3
T111L	111	L	328.0	2.83381507615	2.80473097647	1.82168439816	6.10208658506	4.0784271618	0.989736768671	0.642838134887	2.15331149743	1.43920017793
N49L	49	L	526.0	1.30918721365	1.42484901039	2.47857378121	3.30259158589	3.01448158155	1.08834626212	1.89321569548	2.52262743743	2.30255959585
T111K	111	K	176.0	0.0869627251648	0.0804884980965	0.0912487881158	0.25057769634	0.46013725129	-1	-1	-1	-1
D46F	46	F	124.0	0.731314536632	0.884806022079	1.80743464525	0.347228828828	0.823804347826	1.20988436269	2.47148737611	0.47480093918	1.12647063139
T111E	111	E	118.0	0.0894174640023	0.0850686065374	0.0880262332656	0.521220380044	1.44485674705	-1	-1	-1	-1
Q47F	47	F	321.0	2.19183893493	2.51740298112	2.57657876693	6.10096525097	4.28047219597	1.14853465782	1.17553289426	2.78349159409	1.95291365974
T111G	111	G	219.0	1.75663845518	1.82961349042	2.10496973985	3.7577027027	3.44812047101	1.04154243295	1.19829423843	2.13914405188	1.96290845213
D46C	46	C	162.0	0.2995303213	0.352377932932	0.75761228399	0.26254352512	0.811705343647	-1	-1	-1	-1
T111C	111	C	85.0	1.05856143563	1.00359618314	1.20977655399	1.28338571129	0.943398213683	0.94807551963	1.14284963845	1.21238661083	0.891207805171
Q42D	42	D	53.0	1.11385590125	1.69964733247	4.89941895517	46.1799299299	145.385056026	1.52591311906	4.39861112166	41.4595190257	130.524115249
I48Y	48	Y	328.0	0.0802674318922	0.0765804676017	0.1202013066	0.271469645938	0.787231289369	-1	-1	-1	-1
I48_	48	_	324.0	0.152340521677	0.118134297879	0.166353165723	0.355855855856	0.523278985507	-1	-1	-1	-1
I48S	48	S	867.0	0.114130352995	0.109189635549	0.184008242501	0.299633619795	0.756390669873	-1	-1	-1	-1
I48R	48	R	1115.0	0.0720334651076	0.08049560882	0.107712307128	0.193064839032	0.648700067529	-1	-1	-1	-1
I48Q	48	Q	240.0	0.0700524197583	0.102986145226	0.127291046859	0.21746850585	0.725088700464	-1	-1	-1	-1
I48P	48	P	427.0	0.0823434129833	0.0585135991822	0.0904553060788	0.176715500547	0.364541006366	-1	-1	-1	-1
I48W	48	W	487.0	0.0646842309182	0.0474809093377	0.0942480328192	0.168307857038	0.345937462877	-1	-1	-1	-1
I48V	48	V	1214.0	1.33369790225	1.62914448689	2.3768839335	1.42495384273	1.20504115226	1.2215243678	1.78217565573	1.06842324662	0.903533813936
I48T	48	T	519.0	0.430603139596	0.467921647714	1.08144964021	0.642094594595	0.751913496377	-1	-1	-1	-1
I48K	48	K	245.0	0.0865477386716	0.100892930892	0.0950563319636	0.443997656193	1.3674259161	-1	-1	-1	-1
Q42I	42	I	26.0	1.4701814303	1.47482142075	4.15497487638	13.1687354021	17.5093095813	1.00315606656	2.82616471052	8.95721788525	11.9096250438
I48H	48	H	260.0	0.0604590929137	0.0735444814105	0.061852404937	0.125822374098	0.705393830863	-1	-1	-1	-1
I48N	48	N	245.0	0.0745592399744	0.0573119442546	0.0884662921428	0.161297883249	0.592382099092	-1	-1	-1	-1
I48M	48	M	311.0	2.28198236715	3.11218869023	6.42672866116	3.44204204204	2.81442481884	1.36380926296	2.81629198966	1.50835610809	1.23332452492
I48L	48	L	953.0	1.444260766	1.8214785881	3.13253312711	1.80068181389	1.60112218197	1.2611840126	2.16895258866	1.24678441476	1.10861017599
I48C	48	C	609.0	1.51464158456	2.14165773389	6.3176087987	3.97455176488	2.62426496792	1.41396998189	4.17102558329	2.62408731241	1.73259799195
I48A	48	A	648.0	0.21721887846	0.254182682269	0.448798704027	0.484420938658	0.497640600925	-1	-1	-1	-1
I48G	48	G	1379.0	0.0843212770287	0.0817231231828	0.128584052852	0.138172737956	0.421715829132	-1	-1	-1	-1
I48F	48	F	563.0	0.11252843206	0.124299057684	0.227444456736	0.266046897962	0.439853627042	-1	-1	-1	-1
I48E	48	E	415.0	0.0820150653621	0.068672231113	0.0988782921438	0.175957207207	0.513077445652	-1	-1	-1	-1
I48D	48	D	417.0	0.0711368167169	0.0622454679034	0.096515738291	0.133479891375	0.210519814853	-1	-1	-1	-1
Q42M	42	M	35.0	0.672114085636	0.560322459418	1.50179941278	2.30037537537	2.01963818438	0.833671650978	2.234441213	3.42259658671	3.00490382145
Q42L	42	L	144.0	0.369764446387	0.33874480716	0.506216761305	0.451102826964	1.16210644677	-1	-1	-1	-1
Q42N	42	N	56.0	0.837094285501	1.32864293683	3.31237505649	15.0107159791	13.7300724638	1.58720822713	3.95699160042	17.9319298186	16.4020621112
L52G	52	G	434.0	0.410829753109	0.444893750394	0.8326966886	2.0704421663	4.19936490089	-1	-1	-1	-1
L52F	52	F	295.0	1.61391325183	1.55594222392	1.31342445513	2.40905161918	1.84276463964	0.964080456097	0.813813539011	1.49267726531	1.14179906358
L52D	52	D	232.0	0.137138736414	0.112637248032	0.214619038687	0.512048099602	1.39952455371	-1	-1	-1	-1
L52C	52	C	300.0	0.983935542986	1.12652609853	2.13390061079	1.0338990153	1.17665601377	1.14491859407	2.16874024523	1.05077921279	1.19586696726
L52A	52	A	189.0	2.30532365396	3.11781153708	9.62003534984	14.5958131816	8.48603880625	1.35243983278	4.17296518573	6.33135098254	3.68106178569
L52N	52	N	191.0	0.770856068922	0.95763506482	2.09740978483	1.68221659159	1.86740687273	1.24230073995	2.72088379322	2.18227067206	2.42251043745
L52I	52	I	205.0	0.78064618519	0.79060947035	0.720761724416	1.06661856031	1.55266154847	1.01276286921	0.923288601276	1.36632776864	1.98894400297
L52H	52	H	135.0	1.90023409596	2.63932732459	6.69196653832	4.52425145734	4.04513999893	1.3889485144	3.52165375443	2.3808916317	2.12875877111
L52V	52	V	357.0	1.01583826351	1.23451510026	2.27636740797	1.54565151744	1.06078581694	1.21526737534	2.24087582614	1.52155276382	1.04424676156
L52T	52	T	129.0	1.65476396263	1.98648723537	5.47371330789	6.80135135135	3.96779891305	1.20046561336	3.30785141053	4.11016405055	2.39780355546
L52S	52	S	286.0	1.27499182775	1.64441518492	4.0538290911	2.81607495998	3.14765281775	1.28974566671	3.17949417625	2.20870040002	2.46876313185
L52R	52	R	222.0	1.03672447259	1.26529696199	3.32143628011	2.69301094817	3.34576062585	1.22047563788	3.20377917944	2.59761491058	3.22724187023
L52P	52	P	100.0	0.181754638629	0.175203683557	0.207839717432	0.408286504326	0.654989955518	-1	-1	-1	-1
L52Y	52	Y	212.0	1.0879503895	1.46733667304	3.97412958291	1.64414837373	0.922956215552	1.348716529	3.65285919402	1.51123469379	0.848344027874
I45L	45	L	682.0	1.27390214987	1.66759220953	3.03163814536	1.83872159129	1.8233967524	1.30904262129	2.37980456009	1.44337741441	1.43134757453
Q42P	42	P	47.0	0.0535001660486	0.118734816003	0.10092822642	0.200319069069	0.754113828505	-1	-1	-1	-1
I45N	45	N	187.0	1.00343414407	1.53516552859	4.29066403125	39.5315123635	96.1287653217	1.52991159177	4.27597970093	39.3962200681	95.7997750925
Q42R	42	R	180.0	0.770012010747	1.03321005405	2.0992542188	3.25242645961	3.18598366562	1.34181030896	2.72626165501	4.22386458161	4.13757658473
I45H	45	H	136.0	1.24471259116	1.87349695746	5.57545557585	61.2488327743	107.931853644	1.50516430119	4.47931162218	49.2072091255	86.7122694918
Q42T	42	T	28.0	1.37815665699	1.95981735384	3.53119028382	3.13348866107	6.37006496751	1.42205702371	2.56225608744	2.27368103995	4.6221631882
Q42W	42	W	92.0	0.122444711471	0.0911018621301	0.2255558693	0.14998546934	0.882455781518	-1	-1	-1	-1
Q42V	42	V	101.0	1.21359171074	1.40052612285	3.34718270069	7.83582405933	4.39925227337	1.15403402186	2.75807973231	6.45672180354	3.62498543327
Q42Y	42	Y	66.0	0.262703750303	0.210377772718	0.372927058796	0.32845233293	1.31339227774	-1	-1	-1	-1
I45E	45	E	211.0	0.875970923045	1.04236213955	2.85066610723	25.2020567738	137.275701992	1.18995061608	3.25429307325	28.770426176	156.712624108
I45F	45	F	237.0	1.28312557104	1.83646660803	5.75223807109	116.21378984	478.922811244	1.43124464939	4.48298919524	90.5708626368	373.247032134
I45G	45	G	610.0	0.54477947771	0.709330023099	1.53693157153	8.80017251292	15.981816605	1.30204982405	2.82119946587	16.1536417449	29.3363044294
I45A	45	A	390.0	1.63249802726	2.25449633655	6.47356207822	70.63896454	67.8602686349	1.38101014452	3.96543332373	43.2704746716	41.5683618
Q42_	42	_	78.0	0.16739660322	0.092069982201	0.183970438031	0.443117801345	0.371296551092	-1	-1	-1	-1
I45C	45	C	276.0	0.796103672672	0.924175468666	2.09089347765	2.72142973298	2.00746546853	1.16087326361	2.62640853123	3.41843634995	2.52161312332
Q42A	42	A	42.0	1.55347670149	2.10126568381	4.16567037887	2.30693484182	2.75762554769	1.35262130536	2.68151455047	1.48501412323	1.77513157748
Q42C	42	C	99.0	0.957754912271	1.19074939695	2.72817970909	8.34623423422	9.04936594205	1.243271511	2.84851549613	8.71437371637	9.44851947623
I45_	45	_	201.0	0.205463912197	0.175212167503	0.327511245103	0.488065293016	1.20029998924	-1	-1	-1	-1
Q42E	42	E	56.0	1.05693369417	1.20237811192	3.92197193106	1.73436067646	1.64235316552	1.13760978437	3.71070763727	1.64093612118	1.5538847655
I45Y	45	Y	197.0	1.49945709004	2.14725130253	6.52710231068	129.606119756	660.751857341	1.43201917333	4.35297705684	86.4353642505	440.660730959
Q42G	42	G	176.0	0.914567090044	1.11798359257	2.41104747091	4.30752786685	3.24387947269	1.22241834934	2.63627184617	4.70990910753	3.54690159749
Q42F	42	F	83.0	0.192504443337	0.202655877233	0.297948581938	0.398198198198	0.345480719462	-1	-1	-1	-1
I45T	45	T	251.0	1.3477026137	1.89904843102	5.48233488417	12.0497247247	4.95808172303	1.40910050312	4.06791144311	8.94093741621	3.67891378456
Q42H	42	H	57.0	0.431019150302	0.314173073651	0.528851092915	0.240493942218	0.252865754622	-1	-1	-1	-1
I45V	45	V	600.0	1.05423574499	1.17396193833	1.35176613196	2.24609584626	1.32243588584	1.11356681265	1.28222377052	2.13054419463	1.25440243525
I45W	45	W	310.0	1.2483033292	1.83239225189	5.14635685012	58.3033486863	108.310445209	1.46790624445	4.12268134654	46.7060748157	86.7661270109
I45P	45	P	235.0	0.0683726830983	0.0632303814801	0.0547140457986	0.15637120171	0.77350658622	-1	-1	-1	-1
I45Q	45	Q	152.0	0.796441230072	1.09045366826	2.82086535564	27.6274686451	172.73948565	1.36915773203	3.54183742519	34.6886469484	216.889180428
I45R	45	R	608.0	0.704968979268	1.06528221075	2.48484342514	14.5926004822	24.0660562576	1.511105087	3.52475569595	20.6996348937	34.1377521072
I45S	45	S	551.0	1.47845135752	2.10210646168	6.36915092977	96.3612482045	292.615951054	1.42182997836	4.30798815083	65.1771515609	197.92058059
Q47Y	47	Y	225.0	2.20123338025	2.60530687873	3.28503799241	7.28649844535	4.21677808773	1.18356685943	1.49236242821	3.31018896531	1.91564335048
N49R	49	R	384.0	0.971188857636	1.14638609704	2.6753658456	1.11945711946	1.05204451346	1.18039461432	2.75473284579	1.15266676575	1.08325430753
N49F	49	F	214.0	1.45046766923	1.86654630009	5.28631752844	47.9166980935	65.9159588811	1.28685825937	3.64456074451	33.0353437792	45.4446247094
D46_	46	_	95.0	0.244623407932	0.166373697706	0.310972304491	0.584731606607	0.305546120169	-1	-1	-1	-1
T111_	111	_	85.0	0.0469705141456	0.0287711946806	0.103172866074	0.118887492143	0.253991826761	-1	-1	-1	-1
T111Y	111	Y	183.0	0.422874036497	0.516317809045	0.653072645714	0.860747160203	0.987018549148	-1	-1	-1	-1
D46Y	46	Y	119.0	0.762229263913	0.8123209447	2.02442182953	0.16533033033	0.858129528985	1.06571734143	2.65592247027	0.216903677355	1.12581551196
D46V	46	V	169.0	0.356552158251	0.419053975556	0.992206805058	0.33178590355	0.469906223358	-1	-1	-1	-1
D46W	46	W	151.0	0.936674600101	1.27471294992	2.91895469184	0.589361071598	0.833494231503	1.36089197868	3.11629534047	0.629205779183	0.889843955854
D46T	46	T	61.0	0.751597548194	0.867139064257	1.69148616956	0.415010171461	2.79332485975	1.15372790444	2.2505211381	0.552170736132	3.71651672688
T111W	111	W	71.0	0.0764536427167	0.0749816408813	0.0671805147256	0.111911911911	0.203697413446	-1	-1	-1	-1
D46R	46	R	216.0	0.23496951142	0.221490095926	0.438718558967	0.195644953709	0.368129299406	-1	-1	-1	-1
D46S	46	S	180.0	0.754236884378	1.02780556428	2.05088007261	0.595938479916	1.82056209465	1.36270923044	2.71914582154	0.790121104205	2.41378024909
D46P	46	P	49.0	0.0439246508367	0.0794772070286	0.161283620727	0.37781981982	0.886213768119	-1	-1	-1	-1
D46Q	46	Q	47.0	0.71971596465	0.954619923129	1.54785480471	0.774436936935	0.773616772344	1.32638425437	2.15064675613	1.07603134427	1.07489177723
D46N	46	N	77.0	0.790597580989	0.596971964192	0.72380544952	0.568618618619	0.564085144927	0.755089540553	0.915516903827	0.719226357747	0.713492121013
T111M	111	M	153.0	2.40040462665	1.87758355942	0.896213695368	5.27049842049	3.43251811594	0.782194609431	0.373359426747	2.19567083065	1.42997479585
T111N	111	N	250.0	0.141766793824	0.124275395524	0.141355096485	0.233347690319	0.583068089959	-1	-1	-1	-1
D46M	46	M	57.0	0.620889040729	0.848091195524	1.22501641604	0.684125504815	0.505731509245	1.36593036741	1.97300376666	1.10184825297	0.814528001093
T111H	111	H	187.0	0.267459480021	0.155957380762	0.167377304357	0.26544470002	0.936141304347	-1	-1	-1	-1
D46K	46	K	75.0	0.174086708441	0.306843728822	0.424530025702	0.21204362257	0.480388300915	-1	-1	-1	-1
D46H	46	H	62.0	0.285234882622	0.270153431318	0.652190836258	0.280523380524	1.05996951921	-1	-1	-1	-1
D46I	46	I	92.0	0.339822083988	0.487812713763	0.754683689516	0.230078465563	0.640870928783	-1	-1	-1	-1
T111D	111	D	148.0	0.0786893527928	0.0759873071285	0.0811830305675	0.324469435879	0.63665985799	-1	-1	-1	-1
D46G	46	G	303.0	0.631695412009	0.767126234135	1.77880716058	0.588474988146	0.726741275744	1.21439260053	2.81592540766	0.931580278973	1.15046153878
T111F	111	F	95.0	2.59306923919	1.8340023319	1.19342510475	7.70081644144	2.90918912289	0.707270868119	0.460236497629	2.96976892289	1.12190954215
D46E	46	E	73.0	1.15519844303	1.56762935372	3.73978719077	1.27008765522	0.99517724246	1.35702169888	3.23735477079	1.09945409196	0.861477305878
T111A	111	A	235.0	2.08868569565	2.52243575164	3.60661155273	3.82228584517	3.3875621776	1.20766650382	1.72673732589	1.82999570167	1.62186306185
D46A	46	A	141.0	0.50925033606	0.624698316328	1.07948915466	0.309947976145	0.30984958665	1.22670182441	2.11976130053	0.60863578126	0.608442576686
Q47D	47	D	237.0	1.09267486925	1.15693880944	0.983277159752	0.992641380877	0.869274068324	1.05881341467	0.899880822211	0.908450819918	0.795546866488
N49H	49	H	65.0	0.705761718586	0.873637102441	1.79704059816	0.821771771772	0.335687033377	1.23786411112	2.54624266354	1.16437566693	0.475637916504
Q47K	47	K	116.0	2.38256906037	2.99819343839	4.07724357568	4.71721721722	1.68558776167	1.25838679276	1.71128033328	1.97988687744	0.707466486372
N49G	49	G	487.0	1.55407345337	1.58666741639	1.69945364182	2.37032565352	1.85245994447	1.02097324483	1.09354782307	1.52523398967	1.19200282358
Q47I	47	I	244.0	2.38306257622	3.24048276087	5.01745900414	9.15330023901	4.35719646554	1.35979759541	2.10546674443	3.8409819072	1.82840203569
N49P	49	P	192.0	0.0988055876832	0.0878065290851	0.183795706787	0.427325771367	0.30557980401	-1	-1	-1	-1
Q42K	42	K	31.0	1.16968206306	1.13648884279	3.10118114744	1.90022522522	1.13117074275	0.971622014804	2.65130264486	1.62456558516	0.967075394653
Q47N	47	N	136.0	2.92044069001	3.60632571622	4.31663922755	6.66635759848	4.55770985402	1.2348566874	1.47807803196	2.28265467649	1.56062400774
Q47L	47	L	550.0	2.29108815942	2.76560051673	2.44816052577	4.64177008224	2.87128639627	1.20711222105	1.0685579757	2.02601111754	1.25324134057
Q47S	47	S	520.0	1.61956079384	1.74463187088	2.07337797751	2.57875706801	1.77884815989	1.07722530547	1.28021003311	1.59225703524	1.09835219935
Q47P	47	P	162.0	0.402893592052	0.376309554354	0.712960940345	0.393815287681	0.591549413177	-1	-1	-1	-1
N49Y	49	Y	143.0	1.25478281459	1.59866180527	4.02949252172	14.7503315816	17.4052938809	1.27405459071	3.21130674956	11.7552865803	13.8711605534
T111V	111	V	179.0	0.157142426646	0.164964370375	0.138958695928	0.244514514515	1.291528281	-1	-1	-1	-1
I45M	45	M	204.0	0.768300269863	1.12441202668	2.69210961002	4.73684464953	7.15272843762	1.46350596347	3.50398108086	6.16535596215	9.30980857119
T111P	111	P	351.0	0.124103117437	0.0800967302805	0.112347243953	0.23257063882	0.560266386693	-1	-1	-1	-1
Q42S	42	S	117.0	1.26904632131	1.4443749576	3.18609640179	2.24080775691	1.36718941906	1.13815779089	2.51062262133	1.76574150154	1.07733610359
T111Q	111	Q	129.0	0.152456057438	0.124010112412	0.155022267562	0.317207207207	1.31299818841	-1	-1	-1	-1
T111R	111	R	349.0	0.108058217165	0.0953387650046	0.110689495227	0.218808236808	0.487685041408	-1	-1	-1	-1
T111S	111	S	336.0	1.47835800986	1.63723215719	1.95379426414	2.13240035287	2.53248908742	1.10746662599	1.32159750961	1.44241133653	1.71304181431
N49M	49	M	198.0	1.39625284593	1.41304884388	2.07611843827	1.5250531939	2.54498716408	1.01202933838	1.48692154456	1.09224715161	1.8227265724
Q47C	47	C	289.0	1.91325188681	2.35295918047	2.72062841654	4.94391736564	2.05090267367	1.22982195741	1.42199175932	2.58403893377	1.07194598254
Q47A	47	A	380.0	0.526980727564	0.49164502383	0.516757676829	0.952952164762	0.833763646394	0.932946876638	0.980600712321	1.80832450774	1.58215206512
N49I	49	I	167.0	1.35710580371	1.54077183285	3.64038912864	2.12727906478	2.58367570307	1.13533655862	2.68246522762	1.56751158161	1.90381302329
Q47G	47	G	810.0	0.586283280272	0.585921564787	0.720153787424	1.06134679686	1.09658969067	0.99938303633	1.22833758297	1.81029688646	1.87040928433
N49K	49	K	184.0	1.09519120272	1.2524045474	2.18896586135	2.31246165084	1.9481859577	1.14354876508	1.99870657829	2.11146843136	1.77885464462
Q47E	47	E	241.0	2.1909893706	2.55973442187	2.49390484082	3.96393045938	2.23848664511	1.16830070297	1.13825510716	1.80919657237	1.02167845958
N49E	49	E	173.0	1.3042947632	1.67646827297	3.63246056621	4.50510510511	2.43002196818	1.28534463242	2.7849997322	3.4540544302	1.86309263577
N49D	49	D	158.0	0.727503182598	0.869633730192	1.67400691793	11.5527565301	5.00060386473	1.19536759563	2.30103037069	15.8800082343	6.87365221809
Q47H	47	H	163.0	1.57288824659	1.82798127911	3.06441460097	4.51893539881	4.34011852686	1.16218128216	1.94827229945	2.87301746236	2.7593305095
I45K	45	K	175.0	0.295972692554	0.359137309877	0.563979943987	1.11993243243	5.40940742342	-1	-1	-1	-1
N49A	49	A	299.0	1.12316596864	0.593866020828	0.38984432817	1.69234234234	2.02726600242	0.528742890549	0.347094141964	1.50676070108	1.80495675529
D46L	46	L	238.0	0.426838146774	0.483484626608	0.884437449526	0.353850503223	0.403441649991	-1	-1	-1	-1
N49C	49	C	179.0	0.991607575914	0.507818649272	0.488318366412	1.0059059059	2.20166566023	0.512116548529	0.492451225942	1.01441934323	2.220299354
Q47M	47	M	193.0	1.80539222371	2.28625820019	2.15434535223	4.0944506362	2.26475422082	1.26634986578	1.19328383269	2.2679008929	1.25443889205
Q47R	47	R	607.0	2.09025444035	2.66466029145	4.70715317457	5.63522107634	2.9367327541	1.27480188058	2.25195224261	2.6959498172	1.40496424618
I45D	45	D	164.0	0.160124251313	0.122694633931	0.263973617975	0.389041769042	1.70585748792	-1	-1	-1	-1
N49_	49	_	198.0	0.212219174135	0.160529968426	0.210745105899	0.377011182036	1.55239512782	-1	-1	-1	-1
Q47V	47	V	629.0	2.24380314543	2.94357287646	5.71496241207	10.9461003861	4.67922058316	1.31186770214	2.54699812846	4.87836930275	2.08539710477
Q47W	47	W	265.0	2.28374055469	2.81388119561	3.94290270233	9.75510736301	5.87258567615	1.23213698239	1.72651078698	4.27154798429	2.5714767223
Q47T	47	T	267.0	2.59923906785	3.65491861367	6.25498846757	8.95845434987	3.81442650877	1.40614946077	2.40646908741	3.44656805935	1.46751661128
N49T	49	T	230.0	0.859627867444	0.689460128247	0.405258820932	0.952653952654	0.919931065312	0.802044878207	0.471435182921	1.10821669322	1.07015035244
N49W	49	W	219.0	1.41854078506	1.47039906146	2.77642944184	1.43271498771	3.01550971673	1.03655748002	1.95724329614	1.0099921009	2.1257828809
N49V	49	V	432.0	1.48708635758	1.35251464997	1.00610481397	2.23793770676	2.75941882552	0.909506460789	0.67656112158	1.50491442232	1.85558747913
N49Q	49	Q	105.0	1.21206250807	1.37377369351	1.48478840332	0.871307156213	1.58378623188	1.13341818954	1.22500976099	0.718863219026	1.30668692525
Q47_	47	_	165.0	0.265247229022	0.287748104251	0.311053877217	0.605340280039	2.3553916754	-1	-1	-1	-1
N49S	49	S	366.0	1.33459410619	0.744135819726	0.588922102479	2.36254265165	2.10100378115	0.55757463357	0.441274316847	1.77023309235	1.57426424363
T111I	111	I	160.0	0.209741586441	0.185371056265	0.300763200359	0.300285378546	1.05824669187	-1	-1	-1	-1
WT	42	Q	1377.0	1	1	1	1	1	1	1	1	1
WT	45	I	1377.0	1	1	1	1	1	1	1	1	1
WT	46	D	1377.0	1	1	1	1	1	1	1	1	1
WT	47	Q	1377.0	1	1	1	1	1	1	1	1	1
WT	48	I	1377.0	1	1	1	1	1	1	1	1	1
WT	49	N	1377.0	1	1	1	1	1	1	1	1	1
L52E	52	E	0	-1	-1	-1	-1	-1	-1	-1	-1	-1
L52K	52	K	0	-1	-1	-1	-1	-1	-1	-1	-1	-1
L52Q	52	Q	0	-1	-1	-1	-1	-1	-1	-1	-1	-1
WT	52	L	1377.0	1	1	1	1	1	1	1	1	1
L52M	52	M	0	-1	-1	-1	-1	-1	-1	-1	-1	-1
L52W	52	W	0	-1	-1	-1	-1	-1	-1	-1	-1	-1
L52_	52	_	0	-1	-1	-1	-1	-1	-1	-1	-1	-1
WT	111	T	1377.0	1	1	1	1	1	1	1	1	1
