mut	resi	aa	Input_count	fit_no_antibody	fit_300ng_FI6v3	resist_300ng_FI6v3
V52A	52	A	1002.0	3.98048895739	3.17102429735	0.796641902863
V52C	52	C	733.0	4.33648785925	4.33613636756	0.999918945537
V52E	52	E	195.0	0.135195445922	0.0947885699326	-1
V52D	52	D	630.0	0.0100015169862	0.0145539270727	-1
V52G	52	G	912.0	0.0849076116303	0.0808293862895	-1
V52F	52	F	1213.0	5.44500671311	5.59973259524	1.02841610494
V52I	52	I	526.0	0.734519357814	1.15316742927	1.56996193089
V52H	52	H	481.0	0.91479050668	0.656330579388	0.717465446564
V52K	52	K	250.0	0.13651107157	0.0225515556056	-1
N46W	46	W	385.0	3.31099052624	2.60826748115	0.787760478467
V52M	52	M	286.0	4.88248108121	5.38263099697	1.10243765566
V52L	52	L	1845.0	2.41052070774	2.09446385776	0.868884407852
V52N	52	N	340.0	0.00928753074256	0.00346685038271	-1
V52Q	52	Q	392.0	4.99056990308	3.72436572768	0.746280645299
V52P	52	P	674.0	0.0242745926214	0.0298086401248	-1
V52S	52	S	1647.0	0.290471476143	0.308352323049	-1
V52T	52	T	687.0	2.72916447737	3.97210366164	1.45542846339
V52W	52	W	440.0	3.83755017131	3.55669119319	0.926812949518
V52Y	52	Y	731.0	3.14818503528	3.00716903115	0.955207205885
V52_	52	_	576.0	0.0163728830802	0.0208821470276	-1
T49G	49	G	1677.0	2.73129450535	3.11221725293	1.13946601029
T49F	49	F	1195.0	1.80731626624	1.20510802166	0.666794209828
T49E	49	E	576.0	1.94699706765	2.58693281672	1.32867833224
T49D	49	D	450.0	2.47594572615	2.2724379567	0.917806045865
T49C	49	C	745.0	0.922296473568	0.985617344439	1.06865565757
T49A	49	A	864.0	2.10701573047	1.81835639165	0.863000862005
T49N	49	N	550.0	0.408155628923	0.349482590663	-1
T49M	49	M	572.0	1.05783118822	0.883487581551	0.835187685325
T49L	49	L	2340.0	1.60739721048	1.19639711666	0.744307075349
T49K	49	K	331.0	0.393379838242	0.721645412579	-1
T49I	49	I	708.0	1.10401452485	0.864140272416	0.782725456021
T49H	49	H	701.0	0.950556252343	0.987026085157	1.03836683281
T49W	49	W	942.0	1.16804499137	0.958356180885	0.820478823985
T49V	49	V	2057.0	2.32190227888	1.59525378707	0.687046049089
T49S	49	S	2029.0	2.6069236388	2.70507324323	1.03764958934
T49R	49	R	1939.0	0.488298546705	0.587780895282	-1
T49Q	49	Q	493.0	0.986090623666	1.26594028035	1.28379709731
T49P	49	P	1002.0	0.0257475479967	0.031168170289	-1
T49_	49	_	734.0	0.0171097101228	0.0172028291001	-1
N46_	46	_	352.0	0.0142806029988	0.00470191063978	-1
T49Y	49	Y	1031.0	2.01397337515	1.08073010501	0.536615884968
Q42D	42	D	204.0	2.10228210778	1.60538810068	0.76364066209
N46A	46	A	694.0	0.855702663975	0.82285770391	0.961616386804
I48Y	48	Y	808.0	1.10583903769	1.08224722271	0.97866614021
N46C	46	C	783.0	1.88922500585	1.26435230455	0.66924389664
I48_	48	_	809.0	0.00698836939053	0.00788710910847	-1
N46E	46	E	288.0	2.43678517734	1.74903540001	0.71776347635
N46F	46	F	1343.0	3.34666375623	2.85074993358	0.851818450023
N46G	46	G	1073.0	2.38849763678	2.45638098175	1.02842093872
I48S	48	S	1827.0	0.0766162361519	0.0387515082974	-1
N46I	46	I	737.0	1.21249200197	1.05637947924	0.871246554636
I48Q	48	Q	579.0	4.35239409416	4.43215467501	1.01832567987
I48P	48	P	671.0	0.0243370511238	0.0399961785506	-1
I48W	48	W	967.0	0.216346603035	0.296301183061	-1
I48V	48	V	1456.0	1.91253015393	2.23709030568	1.16970197886
I48T	48	T	800.0	0.12422581188	0.13471765299	-1
I48K	48	K	562.0	0.0392127546891	0.0501175235334	-1
I45T	45	T	517.0	0.0473883655692	0.0358659453799	-1
N46R	46	R	996.0	0.0904447497683	0.139542140436	-1
N46S	46	S	1678.0	2.10631695462	2.15892811806	1.02497779991
N46T	46	T	524.0	2.04214288372	1.98725382967	0.973121834673
I48N	48	N	358.0	1.47629327789	1.12508283575	0.762099816205
I48M	48	M	743.0	3.04429454096	2.93774837966	0.965001362428
I48L	48	L	1901.0	5.10198955676	5.58068331739	1.09382491973
I48C	48	C	825.0	3.7046313654	3.87827403973	1.04687178216
N46Y	46	Y	801.0	2.64774893856	1.55478395171	0.587209734678
I48A	48	A	835.0	3.98757396325	4.69566001479	1.17757314549
I48G	48	G	754.0	0.470119904473	0.46980952311	-1
I48F	48	F	1199.0	2.44156934665	2.59602251346	1.0632597911
I48E	48	E	348.0	0.577027512854	0.306209889954	0.530667746567
I48D	48	D	426.0	0.0355617374804	0.0546753614362	-1
I45P	45	P	591.0	0.00320463449917	0.00199695266977	-1
Q42L	42	L	602.0	0.184085291538	0.142235749765	-1
V52R	52	R	1076.0	0.0322823691467	0.0224623949233	-1
I45S	45	S	1305.0	0.0294208011708	0.0485214162318	-1
I45L	45	L	1754.0	2.20080571632	2.04727931327	0.930240819571
I45M	45	M	537.0	0.356967314872	0.695262292472	-1
I45N	45	N	452.0	0.0878108449566	0.147197689588	-1
Q42R	42	R	480.0	0.0748750045374	0.0803584011636	-1
I45H	45	H	403.0	0.0483779333826	0.220010315361	-1
Q42T	42	T	138.0	0.909216659014	0.52257938214	0.574757817027
Q42W	42	W	208.0	0.00603919351033	0.0627830519803	-1
I45K	45	K	384.0	0.049436726139	0.075464469147	-1
I45D	45	D	538.0	0.0469490393349	0.0389276203566	-1
I45E	45	E	528.0	0.0179314142109	0.0406995597252	-1
I45F	45	F	804.0	3.45490297206	3.5900299177	1.03911164705
I45G	45	G	1442.0	0.0187766424119	0.0230533543755	-1
I45A	45	A	762.0	2.02287302829	2.32773139538	1.15070563641
Q42_	42	_	154.0	0.0162365804598	0.0183352931377	-1
I45C	45	C	671.0	0.119481913124	0.060256255378	-1
Q42A	42	A	304.0	1.3326353106	1.67576578889	1.25748265527
Q42C	42	C	255.0	0.32988723822	0.124501135321	-1
I45_	45	_	788.0	0.023269483908	0.0152414428634	-1
Q42E	42	E	148.0	1.97393448446	2.03882772675	1.03287507402
I45Y	45	Y	681.0	1.18396722683	1.78994195656	1.51181714831
Q42G	42	G	342.0	0.516671567449	0.335237552886	0.648840722048
Q42F	42	F	418.0	0.0979486973959	0.0756378339947	-1
Q42I	42	I	253.0	0.350438944819	0.166137712209	-1
Q42H	42	H	217.0	0.055162967142	0.0162687520253	-1
I45V	45	V	1486.0	1.28358990923	1.72096804037	1.34074600307
I45W	45	W	819.0	0.119607584843	0.120749862454	-1
Q42M	42	M	100.0	0.83139048639	0.617647001045	0.742908430102
I45Q	45	Q	515.0	0.0501227814359	0.0488258858808	-1
I45R	45	R	1540.0	0.0147282980127	0.022384936519	-1
Q42N	42	N	125.0	1.35897883247	0.581778697763	0.428099896675
H111I	111	I	415.0	0.201852017128	0.134487470905	-1
H111K	111	K	343.0	0.0110074835202	0.0214163248378	-1
H111L	111	L	821.0	0.49367202627	0.491719614665	-1
H111M	111	M	236.0	2.04738030129	3.14419335343	1.53571534876
H111N	111	N	621.0	0.0273886302755	0.013342238391	-1
H111A	111	A	466.0	0.553021068897	0.42773465739	0.773450925193
H111C	111	C	245.0	0.0590205612198	0.0220869976715	-1
H111D	111	D	236.0	0.0106839485374	0.0258988140606	-1
H111E	111	E	144.0	0.0348722668323	0.00815307572762	-1
H111F	111	F	285.0	0.238423739936	0.171802856649	-1
H111G	111	G	344.0	0.242856026494	0.126083121623	-1
H111Y	111	Y	396.0	0.0414089179641	0.0369368519934	-1
H111_	111	_	348.0	0.00361659439444	0.00742530369871	-1
H111P	111	P	1226.0	0.0175567209606	0.00620843943742	-1
H111Q	111	Q	454.0	1.51554511143	1.04923963181	0.692318311015
H111R	111	R	726.0	0.0321349533449	0.0277088480054	-1
H111S	111	S	905.0	0.489976462619	0.223104202225	-1
H111T	111	T	1137.0	0.174985199726	0.135138351718	-1
H111V	111	V	299.0	0.814152045739	0.584286819358	0.717663024267
H111W	111	W	95.0	0.296589376924	0.355897722461	-1
G47Y	47	Y	1471.0	2.71157268387	2.60394210549	0.960306954331
G47_	47	_	768.0	0.0294639046261	0.0299217208738	-1
G47P	47	P	656.0	0.0846594605746	0.0800665731645	-1
G47Q	47	Q	573.0	0.132178256286	0.261797782041	-1
G47R	47	R	1716.0	0.417521073007	0.422426037827	-1
G47S	47	S	1706.0	1.02408276739	1.11670680116	1.09044584747
G47T	47	T	850.0	10.4107866786	11.4736812267	1.10209550738
G47V	47	V	2078.0	5.06457084262	5.37566501483	1.06142557422
G47W	47	W	682.0	5.17017852793	5.37553684246	1.03971977242
G47H	47	H	830.0	2.92543558392	3.09386065254	1.05757264646
G47I	47	I	1263.0	4.48678095117	5.52556538828	1.23152109461
G47K	47	K	413.0	0.082354093746	0.120575618153	-1
G47L	47	L	2215.0	0.490220145514	0.499268991365	-1
G47M	47	M	343.0	0.0787860695244	0.0736255653535	-1
G47N	47	N	719.0	1.17976625394	0.904001855843	0.76625505504
G47A	47	A	806.0	0.18044919938	0.126148564672	-1
G47C	47	C	1532.0	0.0579680016824	0.0774127045729	-1
G47D	47	D	545.0	4.91378817418	6.04045969143	1.22928776685
G47E	47	E	441.0	0.473000508001	0.669637042467	-1
G47F	47	F	2285.0	1.27845426112	1.51323237367	1.18364216827
N46V	46	V	1344.0	1.49476596873	1.45151784564	0.971066960314
Q42K	42	K	53.0	0.0820229523496	0.0349409904755	-1
N46D	46	D	449.0	2.55785330725	2.09460236176	0.818890729902
N46H	46	H	473.0	0.670154542766	0.864853154456	1.2905279294
I48R	48	R	1582.0	0.0497924228946	0.053246001801	-1
N46K	46	K	236.0	0.167613174485	0.185091639173	-1
Q42P	42	P	160.0	0.0117355944563	0.0398264521337	-1
N46L	46	L	1840.0	1.37783190549	1.28059900322	0.929430504637
Q42S	42	S	430.0	1.35159756945	1.1871735166	0.878348365989
N46M	46	M	288.0	0.838709462556	0.790578874631	0.94261351508
N46P	46	P	661.0	0.0114631034653	0.00683571798773	-1
N46Q	46	Q	240.0	0.626748862125	0.53406966481	0.852127059312
Q42V	42	V	286.0	0.831387363288	0.705301698261	0.848343058128
Q42Y	42	Y	126.0	0.173407799036	0.149123118927	-1
I48H	48	H	479.0	1.12620926029	0.681769193119	0.605366353447
WT	42	Q	10223.0	1	1	1
WT	45	I	10223.0	1	1	1
WT	46	N	10223.0	1	1	1
WT	47	G	10223.0	1	1	1
WT	48	I	10223.0	1	1	1
WT	49	T	10223.0	1	1	1
WT	52	V	10223.0	1	1	1
WT	111	H	10223.0	1	1	1
