mut	count
I45S/T111L	1
Q47F/L52R	1
D46F	5
WT	95
Q42_	1
D46G	11
Q47N/N49D	1
D46E	3
I45A/T111A	1
I45A/T111L	1
D46C	7
I45W/T111S	1
Q47M/T111P	1
T111C	3
I45S/N49W	1
I45Y	8539
I48Y	9
I48_	6
I48S	31
I48R	31
I48Q	15
I48P	3
I48W	10
I48V	83
I45R/N49G	1
I48T	18
I48K	25
Q42I	44
I48H	9
I48N	12
I48M	41
I48L	72
I48C	101
I48A	20
I45S/T111A	1
I48G	30
I48F	20
I48E	11
I48D	5
Q42M	6
Q42L	11
Q42N	59
L52G	97
L52F	27
L52D	10
L52C	16
L52A	112
L52N	26
I45S/T111S	1
L52I	30
L52H	36
L52V	30
L52T	26
L52S	56
L52R	56
I45Q/Q47E	1
L52P	3
D46N	2
L52Y	17
I45L	112
I45M	148
I45N	1340
Q42R	23
I45H	733
Q42T	7
Q42V	25
I45D	9
I45E	1872
I45F	8090
I45G	554
I45A	1729
I45Y/T111A	1
I45C	41
Q42A	3
Q42C	75
I45_	14
Q42E	11
Q42D	472
Q42G	31
Q42F	2
I45T	99
I45V	44
I45W	2212
I45P	14
I45Q	1343
I45R	743
I45S	9964
Q47Y	41
Q47L/N49K	1
Q42G/I45L	1
Q47I	58
I45Y/N49S	1
I45Y/Q47T	1
Q47V/L52T	1
Q47I/N49Y	1
I45E/N49I	1
D46_	1
T111_	1
T111Y	17
D46K	2
N49L	92
D46V	7
D46W	1
T111V	22
N49P	2
T111P	15
D46S	23
T111R	4
T111S	72
T111L	91
T111M	33
T111N	10
D46M	1
T111H	11
T111I	5
D46H	1
T111K	2
T111D	7
Q47F	94
T111F	16
T111G	40
T111A	53
D46A	2
N49K	20
Q42Y	5
Q47K	15
Q47H	70
I45M/L52H	1
N49F	903
Q42K	3
Q47N	38
N49C	25
Q47I/N49D	1
I45F/D46T	1
D46Y	5
Q47P	2
Q47Y/I48S	1
Q47V/N49E	1
I45E/T111L	1
N49Y	175
I45E/T111A	1
D46T	20
Q42P	3
D46R	7
Q42S	10
T111Q	4
D46P	1
I45Y/T111K	1
N49M	32
Q47C	37
Q47A	13
N49I	24
Q47G	77
Q47D	8
Q47E	39
N49E	36
N49D	67
N49G	54
I45K	68
N49A	42
D46L	2
Q47L	89
Q47M	31
Q47R	109
Q47S	53
N49_	17
Q47V	200
Q47W	105
Q47T	59
N49T	14
N49W	33
N49V	58
N49Q	13
Q47_	18
N49S	24
N49R	21
